"5919.xml";"025560bd-7095-47de-8962-6eea763b1cc2"
"5787.xml";"031f7dea-78b7-4079-9345-4f44bb4440d1"
"5039.xml";"0358bd2a-341a-438e-a4a8-a4e4293c8392"
"5838.xml";"04e43cae-91df-44b1-bbd4-89d777c31a69"
"6081.xml";"05c11be0-be39-4d64-b24a-11a80339db25";"-1.74 1.43 42.74 45.72"
"24610.xml";"067a5a77-8d26-49a7-bdd6-00e8f80b6927"
"5670.xml";"06ce8cca-0018-41b4-a490-6dd836a5db7a";"-1.093212 -1.079559 44.722100 44.730667"
"24754.xml";"080793b0-4d11-4f36-8d0c-79ef85e5288e";"-1.86101 0.08357 42.70155 43.66835"
"24730.xml";"0884b18b-0771-4bc8-bf15-97930cab04f2"
"5870.xml";"08866260-38a2-41e0-8110-ff971fb9ba1c"
"24605.xml";"09887808-232b-4fcf-a65f-2cf1085a8234"
"24677.xml";"0b9e8c1c-0bd4-4010-b814-d47c7d7e3465"
"24501.xml";"0c3daa36-f693-477c-bc24-ecfbb51e385b";"-1.86101 0.08357 42.70155 43.66835"
"5043.xml";"0d0092d5-0266-436a-a2d9-0800633bbbb9"
"24790.xml";"0d7c5142-a266-4e17-8c01-05079380696d";"-1.86101 0.08357 42.70155 43.66835"
"5818.xml";"0dd91e57-f85d-42b7-902a-3f40a238184f";"-1.135660 -1.050182 44.669396 44.758347"
"24679.xml";"0fe9fab1-1f39-4710-9697-71c1e8437169"
"1758.xml";"1093a987-de9b-441d-a39c-d4085111aa3a"
"5828.xml";"10b3e319-5343-4921-9106-d9607842e8c6"
"24654.xml";"11c7466b-37bb-4507-9ca0-1880c71ef63b";"-1.86101 0.08357 42.70155 43.66835"
"24684.xml";"12a337fa-14d9-4771-b5f6-142baaed1c83";"-1.86101 0.08357 42.70155 43.66835"
"24562.xml";"12a49dbf-bcf5-4306-a6dd-fbf1dce7d62e"
"24791.xml";"1512a332-d1a2-4fe4-b618-759a47d6d0a4";"-1.86101 0.08357 42.70155 43.66835"
"24773.xml";"158e8186-467e-4921-91b0-8a8598e1f6e9";"-1.86101 0.08357 42.70155 43.66835"
"24658.xml";"1796b082-3897-40a2-9ab3-096206d2ebe7";"-1.86101 0.08357 42.70155 43.66835"
"5839.xml";"185074aa-9a3d-4e5a-994f-5cbfc18e1c8c"
"24748.xml";"188eaaff-4bac-45d5-b9ef-ab7ed26b143b";"-1.86101 0.08357 42.70155 43.66835"
"24632.xml";"18c7f465-3040-4284-9a0b-008894b7bd11";"-1.86101 0.08357 42.70155 43.66835"
"24742.xml";"19acac9c-0844-438c-baef-8bbc0a0bfc41";"-1.86101 0.08357 42.70155 43.66835"
"5924.xml";"1b021438-291c-4558-a529-f15b27b35269"
"5878.xml";"1cbbbc25-d391-4b2f-a1b6-8777049a7662"
"5027.xml";"1f15debf-f5c3-4406-bca5-8ab348bf7f25"
"24705.xml";"1f2f38ec-c0b7-4f2b-89a4-c332452043e5";"-1.86101 0.08357 42.70155 43.66835"
"24564.xml";"20b4a0c6-7403-49f6-9a59-8403ff13738b";"-1.86101 0.08357 42.70155 43.66835"
"5680.xml";"20c928fd-98e9-482c-8a90-61f54e2a0644"
"5764.xml";"221abe16-d019-476d-9036-938bd0e59e7c";"-1.670083 -0.955710 43.543543 45.545487"
"5038.xml";"2350f0b6-e70c-47d5-a708-2e3a94e425d1"
"24645.xml";"23d416fd-4e85-4a8f-8639-6e7dca2a6cab"
"24565.xml";"24bec19f-c495-4a37-bd46-e2999ebd8e18";"-1.86101 0.08357 42.70155 43.66835"
"24740.xml";"2912621a-07a5-4713-a133-47c5ee182134";"-1.86101 0.08357 42.70155 43.66835"
"5678.xml";"2a8c3160-15b9-42d4-b0a8-91ebe61b72eb"
"5833.xml";"2bd383d5-43af-4c61-ad97-320a37bc0a71"
"5034.xml";"2ddbd4ec-e259-4ad2-bbf3-dff92272d6c3"
"24512.xml";"2e40b962-1567-4bf8-92b9-7614be181bf6";"-1.86101 0.08357 42.70155 43.66835"
"24513.xml";"2e48c198-4651-4c61-9d71-eeb9c68a303b"
"24649.xml";"2e8d56ce-50d0-40c8-8e7d-4b2dad5a6e5b";"-1.86101 0.08357 42.70155 43.66835"
"24568.xml";"31a6ac8b-d2ad-44b7-ac90-ac2b60519327";"-1.86101 0.08357 42.70155 43.66835"
"24678.xml";"31e29ce6-a44a-42d2-9583-c9db530b7c27";"-1.86101 0.08357 42.70155 43.66835"
"24786.xml";"33c3926f-4d2f-4a1e-99f5-02955f483a74";"-1.86101 0.08357 42.70155 43.66835"
"5664.xml";"33d75bb2-211c-4fe4-a7c5-3a961719d401"
"24746.xml";"36245dab-ee85-4f96-960d-a1df69ddc96b";"-1.86101 0.08357 42.70155 43.66835"
"22696.xml";"362c6bcc-5386-4ac6-a335-8b4124612d13";"-1.2218933105469 -0.9348754882812501 43.612216189317 43.842929079942"
"24722.xml";"36abcd1d-8e11-4232-85af-a1aec1d2dd51";"-1.86101 0.08357 42.70155 43.66835"
"24665.xml";"36e084e8-f55d-4a22-ba73-926f3ec55db7";"-1.86101 0.08357 42.70155 43.66835"
"5037.xml";"37b36c08-1dad-4bd8-8911-812ac96ee7ae"
"5720.xml";"37be62b7-5a20-442b-8d45-9a0a43228314"
"24571.xml";"37fa41cf-eb1c-49ab-97de-52a3dfdad86a";"-1.86101 0.08357 42.70155 43.66835"
"5729.xml";"38572a0c-9b65-42af-ba8e-e33a6a8516e1"
"24517.xml";"3a67513d-ab2e-4475-9fc5-d3bcb5912789";"-1.86101 0.08357 42.70155 43.66835"
"24774.xml";"3bccd85f-2d7c-41fb-9293-627d81a5f2ea";"-1.86101 0.08357 42.70155 43.66835"
"5041.xml";"3c230a05-dae6-4539-8477-1a64b209c35a"
"24706.xml";"3ddd3eff-2aeb-49cd-a6aa-4f3b431ad79f";"-1.86101 0.08357 42.70155 43.66835"
"24714.xml";"3e3580d3-f3b3-44c0-8fb6-16d0f8fa5bac";"-1.86101 0.08357 42.70155 43.66835"
"5745.xml";"3e7afee6-7a03-4a35-baaf-698b5788ce13"
"5802.xml";"3f1016f8-de5c-4540-94b7-f582ddd31ccc"
"1756.xml";"3f1f3cf6-ecb5-4a20-a1f0-ec01d874d969"
"24521.xml";"3f5a74fb-da19-40e4-bb85-4314ada0d87d";"-1.86101 0.08357 42.70155 43.66835"
"5792.xml";"3fad7404-9c71-43c9-badf-e7dbd90cb371"
"24776.xml";"4059c4a8-d61e-40b6-8d20-eba8a59c10d6";"-1.86101 0.08357 42.70155 43.66835"
"5871.xml";"416ccf1a-7f9e-4ce6-9e2b-ebaff94ebea1"
"24573.xml";"41bc0270-32d0-49ef-8bd6-3749b074d649";"-1.86101 0.08357 42.70155 43.66835"
"24768.xml";"41c41b48-dcf1-4b34-9e8a-d17ffbc6c317";"-1.86101 0.08357 42.70155 43.66835"
"24561.xml";"42ecd670-210e-45a7-8899-350a8cae6c8d"
"24775.xml";"440198c1-6cbb-421e-953a-e4caee2ecc5b";"-1.86101 0.08357 42.70155 43.66835"
"24657.xml";"44dc12f4-ac24-48d4-a6cf-d817bf964065";"-1.826381 1.255142 42.624006 44.563987"
"24765.xml";"45f482bc-4781-4fcc-9399-7f7230ef987f";"-1.94221 0.35542 42.378599 43.76586"
"5047.xml";"462fba82-c481-43b0-9aa3-4e4f4b64e1ad"
"5863.xml";"46cc8a5a-0246-456b-a65f-7041047e6213";"-1.047198 -1.022446 44.648408 44.670780"
"5774.xml";"4856bfb2-14ec-41d6-95a9-31706b5cc7cd"
"5700.xml";"499fe4a7-0b5c-459c-9b9f-550a6c62097e"
"24803.xml";"49cc332d-d5d3-4632-821a-ed7ee899632f";"-1.74 1.43 42.74 45.72"
"24522.xml";"4a9c44a9-ac13-443f-9cc3-f3d08ea74476";"-1.86101 0.08357 42.70155 43.66835"
"9998.xml";"4b401da0-2662-46fa-b9fc-81bc4d47155a";"-0.63 -0.53 44.812 44.916"
"5843.xml";"4db5bc9c-7c4a-4090-aa98-99eb4e0c1ee5"
"24523.xml";"4e7c6499-7bd3-4a67-8204-3a09081daec3";"-1.86101 0.08357 42.70155 43.66835"
"24766.xml";"4e98848b-189d-41af-9d97-6c39eb162897";"-1.86101 0.08357 42.70155 43.66835"
"9976.xml";"4f6e3eb6-d989-4bae-a2c5-dd8e66b20ba5";"-0.63 -0.53 44.812 44.916"
"24745.xml";"50bbf5b4-0414-4e72-8e69-e0176363f6b6";"-1.86101 0.08357 42.70155 43.66835"
"5901.xml";"51f64a97-cec6-45ec-9018-7af741340e6e"
"5676.xml";"52969295-ea06-415b-b13c-00068ffb8c3a"
"24578.xml";"52bd4d6b-185b-4172-9a52-84f4e67bac10";"-1.86101 0.08357 42.70155 43.66835"
"1713.xml";"532f6ab2-c20f-4d59-8f8e-03984a2ad7b8"
"9186.xml";"533424";"-2.05 .089 43.496 44.507"
"5812.xml";"541dc5ed-d9fc-4021-936c-e797fe631de0"
"9977.xml";"56ed24fc-e1b6-4716-ba28-f85f6cc6ec7e";"-0.63 -0.53 44.812 44.916"
"24646.xml";"56f05edc-0ff9-4010-a934-18bb4f1efff3";"-1.86101 0.08357 42.70155 43.66835"
"5048.xml";"57d564ca-8aaf-488d-b5e2-01ac8e13da88"
"13518.xml";"58b74438-f6b9-4478-9d1e-421722b8c02e"
"5746.xml";"59a7bc15-51fa-466f-86e7-f20f7a6bc6d1"
"24620.xml";"5b6b9a7e-95b1-42d3-809b-4a94c2a2bf1e"
"24528.xml";"5c26bfa6-8fe1-4069-a75c-27b2280b1f78";"-1.86101 0.08357 42.70155 43.66835"
"24527.xml";"5c3e86cc-8a8b-4104-ad32-141557f06156";"-1.86101 0.08357 42.70155 43.66835"
"13571.xml";"5c409264-6731-4f4a-b253-b6dd23f834c2"
"24529.xml";"5ce22b06-6b72-4359-b917-2e3397fc04a1";"-1.86101 0.08357 42.70155 43.66835"
"24530.xml";"5df833cc-15fd-42c9-af6c-bf13cf53efc5";"-1.86101 0.08357 42.70155 43.66835"
"24531.xml";"5e470a21-0a12-43cf-8feb-aa7c12b6a6d9"
"24772.xml";"5e72f49a-1e5a-48bf-8b54-a8023dd72150";"-1.32072 -1.02527 42.980319 43.15474"
"5692.xml";"5ec8831b-5d5b-401c-9bab-150df54d7c7c";"-1.180841 -1.027540 44.637964 44.746662"
"9996.xml";"610e646d-5668-41b9-bfad-4cd1556cf8e0";"-0.63 -0.53 44.812 44.916"
"5813.xml";"623e3c34-4bae-43e5-bc50-2759d7ce7011";"-1.193458 -1.025240 44.640438 44.771191"
"229.xml";"6266636c-e646-4d5a-b341-4321359bab89";"-1.795 .275 44.197 45.589"
"6085.xml";"628dcf43-47bb-44cf-8556-8714e1e13497";"-2.115 1.429 42.782 45.718"
"5672.xml";"63eca481-66d4-4643-8ec0-124a7a5832df"
"24584.xml";"63f0e9d2-196c-4a3d-b3b6-e6cd07bceebe";"-1.86101 0.08357 42.70155 43.66835"
"5881.xml";"6566d317-608c-4a9a-88b8-1e2534523d20"
"24618.xml";"6792e1a3-124b-4718-b787-2c7ec9144b43";"-1.86101 0.08357 42.70155 43.66835"
"6086.xml";"687412c8-8841-4ec5-a4cb-0be1cfed4aa6";"-2.115 1.429 42.782 45.718"
"1757.xml";"694fd730-bdca-4294-ac14-e958c1501275"
"9995.xml";"69c1f3d3-36cc-4f02-a7ee-aab133afaa8c";"-0.63 -0.53 44.812 44.916"
"24778.xml";"6a69621b-a8c1-40cb-b2e7-f5bb66d35f69";"-1.86101 0.08357 42.70155 43.66835"
"5823.xml";"6b875a89-90ec-4db4-bee0-f99b79a77e09"
"24793.xml";"6bd43fb4-0f08-4d9e-a018-eb57c8781254";"-1.86101 0.08357 42.70155 43.66835"
"20640.xml";"6c5ab270-b738-4635-9cae-e1deb092bca9";"-2.05 .089 43.496 44.507"
"5044.xml";"6dcaef07-f49b-4112-a80f-c9a3208146f0"
"24534.xml";"6e17fee6-2710-4f29-9ec5-7b46d73593ca";"-1.86101 0.08357 42.70155 43.66835"
"5668.xml";"6f3450c9-3083-47a9-9b3a-b32ac482d146"
"24753.xml";"6f4feb97-e66a-4e40-b5f0-2c12b2882b8b";"-1.78422 0.14549 42.55567 44.04515"
"24715.xml";"703f9627-b096-4732-8a90-954fcd580bc9"
"5826.xml";"7065e982-582b-462e-b0ee-a9d07b5a0280";"-1.191891 -1.023401 44.637869 44.770411"
"5909.xml";"71c55fe7-8e2c-4811-8e89-6db57d8679cd"
"24590.xml";"71dc391a-d0cc-4ed8-8f32-0413fe04b836"
"5682.xml";"73f0e0ac-8dbe-4a27-8f82-cfd6fe79d816"
"5810.xml";"75f975f3-4f3f-4b7a-8c7c-cb7f0785f339"
"5706.xml";"7616b4fb-44b0-4f0f-a397-d34154c7516d"
"24719.xml";"761b1242-de39-4571-b189-a607a3390e51";"-1.86101 0.08357 42.70155 43.66835"
"9974.xml";"765ada95-5d29-45fa-bd61-f0c0e372a458";"-0.63 -0.53 44.812 44.916"
"5912.xml";"76730309-88a3-4392-89e1-5c8a045a30b4"
"24728.xml";"77e0e3c9-b12f-4772-995f-33d2af66ab08";"-1.86101 0.08357 42.70155 43.66835"
"10001.xml";"77f9eda5-d60c-4dc9-a761-9652f6f631c6";"-0.63 -0.53 44.812 44.916"
"5815.xml";"782694b4-f13a-40d6-94e3-061e809e231e"
"24672.xml";"7856e488-3e2e-460e-bc03-1e7b6b0d23ea";"-1.86101 0.08357 42.70155 43.66835"
"5786.xml";"78f52522-dfdc-4184-a81a-5a2c11bc5b6b"
"24723.xml";"791fd352-7e85-4b46-9489-eaa9bc8043fd";"-1.86101 0.08357 42.70155 43.66835"
"5882.xml";"792ca533-6fee-41c2-b88e-93846eda4ee0";"-1.189585 -1.020518 44.637846 44.748533"
"20310.xml";"79d2ce75-e41b-4f4e-8e85-0d91afdc8a69";"-11.569211 14.797972 35.06498 54.851948"
"5846.xml";"7b2ee475-365e-41c2-bb9c-9caa29a7e3ea"
"24536.xml";"7bc5f4f4-a9f2-435e-923f-ecb1e422b733";"-1.86101 0.08357 42.70155 43.66835"
"5686.xml";"7c3984da-1913-4872-aa87-93994007aba2"
"24692.xml";"7c6019ba-b88c-493e-92e5-6634498085e4";"-1.86101 0.08357 42.70155 43.66835"
"24648.xml";"7d9ca106-85c9-4144-8424-f845b3ffe51f";"-1.86101 0.08357 42.70155 43.66835"
"24540.xml";"7dc42367-10ac-4eaf-81d2-40aebdef81d5";"-1.86101 0.08357 42.70155 43.66835"
"24664.xml";"801c3e5f-6a3c-4e3e-9f5f-a576d3e15d79";"-1.86101 0.08357 42.70155 43.66835"
"24750.xml";"817e60ba-95cc-49e2-a3ab-2e3297cd3746"
"24780.xml";"81db46b1-bb6e-4e0a-8c65-9c0a6edf6677";"-1.32072 -1.02527 42.980319 43.15147"
"24777.xml";"8222a235-c98f-4b7f-af4f-3ad22c012ca8";"-1.86101 0.08357 42.70155 43.66835"
"24738.xml";"83d30738-9ce5-4962-a11a-b675eea34447";"-1.86101 0.08357 42.70155 43.66835"
"24698.xml";"851c3c5a-8bfa-4b73-bef7-3c5d8006b58a";"-1.86101 0.08357 42.70155 43.66835"
"24749.xml";"86b809df-dca0-43c0-b120-50fa46999774";"-1.86101 0.08357 42.70155 43.66835"
"5053.xml";"877e1d2b-292a-49c9-869b-adb6333d9076"
"5794.xml";"8818e2b0-f70d-4b84-978e-f823db67af79"
"24788.xml";"8940b7fb-c098-49a7-99c3-b34ed2c9487c"
"24767.xml";"896ac2aa-c4e3-4696-9d95-b102b79e4257";"-1.86101 0.08357 42.70155 43.66835"
"24829.xml";"8a1576ff-0a88-4a09-a13a-8beaaf64b1c2"
"5801.xml";"8a7efd8f-cfd9-4ee1-af65-2ccd32476e0d";"-1.192007 -1.019410 44.637873 44.771375"
"24681.xml";"8b5a4068-25ac-4dda-8264-dfcbfc67770b"
"24548.xml";"8c0c9474-4351-488f-97d3-cef19ad8b28a";"-1.86101 0.08357 42.70155 43.66835"
"5879.xml";"8cb07bfc-c073-49cb-868b-b439b0dceeaf"
"24743.xml";"8d291bfc-7e06-4140-833c-8119d392ed8d";"-1.86101 0.08357 42.70155 43.66835"
"5031.xml";"8db83cd2-3f28-4adc-a297-68b5661b6db0"
"5749.xml";"8ddff5d9-5e7a-4b3c-ac3e-3b47be9925cf";"-1.182891 -1.022080 44.638558 44.765722"
"24752.xml";"8fb4b5dc-68d2-4f9e-946d-8b28ceb1a7f9";"-1.86101 0.08357 42.70155 43.66835"
"9993.xml";"90275c6f-6e53-40c2-8658-1d8e5b57b815";"-0.63 -0.53 44.812 44.916"
"5898.xml";"90e1666b-d1eb-4aa8-9a18-b597669b5050"
"5896.xml";"91eb6d64-6925-4a47-bead-fade0e5ea00b"
"24779.xml";"9236f1ec-9968-488e-adb0-609043cf0bdd";"-1.86101 0.08357 42.70155 43.66835"
"5840.xml";"93614f6b-5fa0-498a-9779-923ffed120d8"
"24755.xml";"95e38886-3778-417d-870d-5fd6afee49f7";"-1.86101 0.08357 42.70155 43.66835"
"24689.xml";"973a2ebf-b325-4612-a0da-aef61190e847";"-1.86101 0.08357 42.70155 43.66835"
"24771.xml";"97a39464-8215-4e8a-8f5f-e0236671d2a3";"-1.5119 -1.08588 42.993231 43.24063"
"5040.xml";"992eaf07-d4cd-424d-a61c-2e038abd9d2f"
"5042.xml";"9a42eaa6-2749-4a04-a579-8923778004dc"
"24555.xml";"9ba961d8-05f2-47d1-b4c1-5de760e27021";"-1.86101 0.08357 42.70155 43.66835"
"5824.xml";"9bf94e01-8150-4fb2-92b8-b2822bd514d9";"-1.191965 -1.019409 44.637869 44.771541"
"24744.xml";"9d131845-696d-4c80-b2e6-1d4d3353d32a";"-1.86101 0.08357 42.70155 43.66835"
"24708.xml";"9d4ad18d-0d1b-43ca-9927-5f9cd90a0b10";"-1.86101 0.08357 42.70155 43.66835"
"5798.xml";"9f0ce797-26be-47ba-bf9c-1ecffb8a2af8"
"24694.xml";"9f526fc0-287b-4df1-b871-845a5c0974c1";"-1.86101 0.08357 42.70155 43.66835"
"5844.xml";"9f5ac4d3-3786-4e90-91d1-b45df7d44964"
"13493.xml";"Expire_4ec50034b075e";"-2.116 .002 42.778 43.599";"-2.116 .002 42.778 43.599"
"2666.xml";"Expire_4fd1ce3043896";"-1.86101 0.08357 42.70155 43.66835"
"2670.xml";"Expire_4fd1fa68cd7e3";"-1.86101 0.08357 42.70155 43.66835"
"15531.xml";"FR-120066022-MDCARTE-DDTM_33-33006_CC_20040407";"-1.23 0.28 44.16 45.60"
"19388.xml";"FR-120066022-MDCARTE-DDTM_33-33009_PLU_20100414";"-1.23 0.28 44.16 45.60"
"16960.xml";"FR-120066022-MDCARTE-DDTM_33-33012_POS_20020321";"-1.23 0.28 44.16 45.60"
"14155.xml";"FR-120066022-MDCARTE-DDTM_33-33014_POS_19920427";"-1.23 0.28 44.16 45.60"
"16371.xml";"FR-120066022-MDCARTE-DDTM_33-33015_PLU_20080114";"-1.23 0.28 44.16 45.60"
"14913.xml";"FR-120066022-MDCARTE-DDTM_33-33017CC20061027";"-1.23 0.28 44.16 45.60"
"13879.xml";"FR-120066022-MDCARTE-DDTM_33-33022_PLU_20080207";"-1.23 0.28 44.16 45.60"
"15042.xml";"FR-120066022-MDCARTE-DDTM_33-33025_CC_20050609";"-1.23 0.28 44.16 45.60"
"18527.xml";"FR-120066022-MDCARTE-DDTM_33-33028_POS_20070411";"-1.23 0.28 44.16 45.60"
"16994.xml";"FR-120066022-MDCARTE-DDTM_33-33029_PLU_20090929";"-1.23 0.28 44.16 45.60"
"16572.xml";"FR-120066022-MDCARTE-DDTM_33-33030_POS_20020326";"-1.23 0.28 44.16 45.60"
"18028.xml";"FR-120066022-MDCARTE-DDTM_33-33031CC20090407";"-1.23 0.28 44.16 45.60"
"18360.xml";"FR-120066022-MDCARTE-DDTM_33-33033_PLU_20090706";"-1.23 0.28 44.16 45.60"
"17248.xml";"FR-120066022-MDCARTE-DDTM_33-33034_CC_20060213";"-1.23 0.28 44.16 45.60"
"14511.xml";"FR-120066022-MDCARTE-DDTM_33-33035_POS_19940328";"-1.23 0.28 44.16 45.60"
"18231.xml";"FR-120066022-MDCARTE-DDTM_33-33037_PLU_20060210";"-1.23 0.28 44.16 45.60"
"19311.xml";"FR-120066022-MDCARTE-DDTM_33-33038_POS_20051122";"-1.23 0.28 44.16 45.60"
"19518.xml";"FR-120066022-MDCARTE-DDTM_33-33040_POS_20080925";"-1.23 0.28 44.16 45.60"
"18230.xml";"FR-120066022-MDCARTE-DDTM_33-33042_PLU_20090512";"-1.23 0.28 44.16 45.60"
"16806.xml";"FR-120066022-MDCARTE-DDTM_33-33044CC20081104";"-1.23 0.28 44.16 45.60"
"18517.xml";"FR-120066022-MDCARTE-DDTM_33-33053CC20061027";"-1.23 0.28 44.16 45.60"
"15994.xml";"FR-120066022-MDCARTE-DDTM_33-33057CC20040707";"-1.23 0.28 44.16 45.60"
"14752.xml";"FR-120066022-MDCARTE-DDTM_33-33061_PLU_20101209";"-1.23 0.28 44.16 45.60"
"15666.xml";"FR-120066022-MDCARTE-DDTM_33-33062_CC_20030722";"-1.23 0.28 44.16 45.60"
"18809.xml";"FR-120066022-MDCARTE-DDTM_33-33064CC20100302";"-1.23 0.28 44.16 45.60"
"16571.xml";"FR-120066022-MDCARTE-DDTM_33-33068_PLU_20091009";"-1.23 0.28 44.16 45.60"
"18044.xml";"FR-120066022-MDCARTE-DDTM_33-33070_CC_20090224";"-1.23 0.28 44.16 45.60"
"13948.xml";"FR-120066022-MDCARTE-DDTM_33-33072CC20090122";"-1.23 0.28 44.16 45.60"
"14372.xml";"FR-120066022-MDCARTE-DDTM_33-33073_CC_20041221";"-1.23 0.28 44.16 45.60"
"18274.xml";"FR-120066022-MDCARTE-DDTM_33-33076CC20090708";"-1.23 0.28 44.16 45.60"
"18494.xml";"FR-120066022-MDCARTE-DDTM_33-33080_PLU_20110629";"-1.23 0.28 44.16 45.60"
"13962.xml";"FR-120066022-MDCARTE-DDTM_33-33083_POS_19960212";"-1.23 0.28 44.16 45.60"
"13892.xml";"FR-120066022-MDCARTE-DDTM_33-33085_PLU_20040329";"-1.23 0.28 44.16 45.60"
"17606.xml";"FR-120066022-MDCARTE-DDTM_33-33087_CC_20051227";"-1.23 0.28 44.16 45.60"
"19442.xml";"FR-120066022-MDCARTE-DDTM_33-33088_PLU_20060726";"-1.23 0.28 44.16 45.60"
"16196.xml";"FR-120066022-MDCARTE-DDTM_33-33089_CC_20071220";"-1.23 0.28 44.16 45.60"
"15739.xml";"FR-120066022-MDCARTE-DDTM_33-33090_PLU_20070618";"-1.23 0.28 44.16 45.60"
"19325.xml";"FR-120066022-MDCARTE-DDTM_33-33091_POS_20070411";"-1.23 0.28 44.16 45.60"
"14053.xml";"FR-120066022-MDCARTE-DDTM_33-33097_POS_20091215";"-1.23 0.28 44.16 45.60"
"14302.xml";"FR-120066022-MDCARTE-DDTM_33-33099_PLU_20050902";"-1.23 0.28 44.16 45.60"
"14176.xml";"FR-120066022-MDCARTE-DDTM_33-33104_PLU_20081120";"-1.23 0.28 44.16 45.60"
"17613.xml";"FR-120066022-MDCARTE-DDTM_33-33107CC20090122";"-1.23 0.28 44.16 45.60"
"15913.xml";"FR-120066022-MDCARTE-DDTM_33-33108_PLU_20060406";"-1.23 0.28 44.16 45.60"
"17433.xml";"FR-120066022-MDCARTE-DDTM_33-33109_POS_20071121";"-1.23 0.28 44.16 45.60"
"15731.xml";"FR-120066022-MDCARTE-DDTM_33-33116CC20061027";"-1.23 0.28 44.16 45.60"
"17657.xml";"FR-120066022-MDCARTE-DDTM_33-33122_PLU_20091217";"-1.23 0.28 44.16 45.60"
"18554.xml";"FR-120066022-MDCARTE-DDTM_33-33125_PLU_20080121";"-1.23 0.28 44.16 45.60"
"18288.xml";"FR-120066022-MDCARTE-DDTM_33-33127CC20090145";"-1.23 0.28 44.16 45.60"
"17098.xml";"FR-120066022-MDCARTE-DDTM_33-33128_CC_20060803";"-1.23 0.28 44.16 45.60"
"19524.xml";"FR-120066022-MDCARTE-DDTM_33-33135CC20041011";"-1.23 0.28 44.16 45.60"
"16855.xml";"FR-120066022-MDCARTE-DDTM_33-33143_PLU_20070323";"-1.23 0.28 44.16 45.60"
"14885.xml";"FR-120066022-MDCARTE-DDTM_33-33144CC20061027";"-1.23 0.28 44.16 45.60"
"19146.xml";"FR-120066022-MDCARTE-DDTM_33-33145_CC_20050831";"-1.23 0.28 44.16 45.60"
"18537.xml";"FR-120066022-MDCARTE-DDTM_33-33150_CC_20060529";"-1.23 0.28 44.16 45.60"
"15798.xml";"FR-120066022-MDCARTE-DDTM_33-33153CC20090401";"-1.23 0.28 44.16 45.60"
"16346.xml";"FR-120066022-MDCARTE-DDTM_33-33159_PLU_20050921";"-1.23 0.28 44.16 45.60"
"18791.xml";"FR-120066022-MDCARTE-DDTM_33-33163_CC_20050214";"-1.23 0.28 44.16 45.60"
"15970.xml";"FR-120066022-MDCARTE-DDTM_33-33165_POS_20091214";"-1.23 0.28 44.16 45.60"
"15896.xml";"FR-120066022-MDCARTE-DDTM_33-33168CC20090401";"-1.23 0.28 44.16 45.60"
"14961.xml";"FR-120066022-MDCARTE-DDTM_33-33170_CC_20040205";"-1.23 0.28 44.16 45.60"
"18121.xml";"FR-120066022-MDCARTE-DDTM_33-33174CC20080423";"-1.23 0.28 44.16 45.60"
"18291.xml";"FR-120066022-MDCARTE-DDTM_33-33175CC20040921";"-1.23 0.28 44.16 45.60"
"18888.xml";"FR-120066022-MDCARTE-DDTM_33-33176_CC_20071218";"-1.23 0.28 44.16 45.60"
"16533.xml";"FR-120066022-MDCARTE-DDTM_33-33177_POS_20070531";"-1.23 0.28 44.16 45.60"
"14661.xml";"FR-120066022-MDCARTE-DDTM_33-33178CC20061027";"-1.23 0.28 44.16 45.60"
"16489.xml";"FR-120066022-MDCARTE-DDTM_33-33179_PLU_20080619";"-1.23 0.28 44.16 45.60"
"16541.xml";"FR-120066022-MDCARTE-DDTM_33-33180CC20061027";"-1.23 0.28 44.16 45.60"
"14505.xml";"FR-120066022-MDCARTE-DDTM_33-33181CC20041221";"-1.23 0.28 44.16 45.60"
"18523.xml";"FR-120066022-MDCARTE-DDTM_33-33187_PLU_20061116";"-1.23 0.28 44.16 45.60"
"18586.xml";"FR-120066022-MDCARTE-DDTM_33-33193_PLU_20040622";"-1.23 0.28 44.16 45.60"
"15855.xml";"FR-120066022-MDCARTE-DDTM_33-33196CC20061027";"-1.23 0.28 44.16 45.60"
"13859.xml";"FR-120066022-MDCARTE-DDTM_33-33199_PLU_20100503";"-1.23 0.28 44.16 45.60"
"16600.xml";"FR-120066022-MDCARTE-DDTM_33-33201_PLU_20070906";"-1.23 0.28 44.16 45.60"
"15790.xml";"FR-120066022-MDCARTE-DDTM_33-33202_PLU_20101105";"-1.23 0.28 44.16 45.60"
"15907.xml";"FR-120066022-MDCARTE-DDTM_33-33203_POS_20100128";"-1.23 0.28 44.16 45.60"
"16581.xml";"FR-120066022-MDCARTE-DDTM_33-33204_CC_20051227";"-1.23 0.28 44.16 45.60"
"16375.xml";"FR-120066022-MDCARTE-DDTM_33-33207_PLU_20100922";"-1.23 0.28 44.16 45.60"
"15406.xml";"FR-120066022-MDCARTE-DDTM_33-33208_POS_19870124";"-1.23 0.28 44.16 45.60"
"17541.xml";"FR-120066022-MDCARTE-DDTM_33-33213_PLU_20060203";"-1.23 0.28 44.16 45.60"
"16269.xml";"FR-120066022-MDCARTE-DDTM_33-33215_CC_20061009";"-1.23 0.28 44.16 45.60"
"14286.xml";"FR-120066022-MDCARTE-DDTM_33-33216CC20100827";"-1.23 0.28 44.16 45.60"
"16779.xml";"FR-120066022-MDCARTE-DDTM_33-33218_PLU_20080125";"-1.23 0.28 44.16 45.60"
"16975.xml";"FR-120066022-MDCARTE-DDTM_33-33221_PLU_20070726";"-1.23 0.28 44.16 45.60"
"17916.xml";"FR-120066022-MDCARTE-DDTM_33-33224CC20061229";"-1.23 0.28 44.16 45.60"
"19414.xml";"FR-120066022-MDCARTE-DDTM_33-33225_PLU_20040921";"-1.23 0.28 44.16 45.60"
"19135.xml";"FR-120066022-MDCARTE-DDTM_33-33226_PLU_20050929";"-1.23 0.28 44.16 45.60"
"14064.xml";"FR-120066022-MDCARTE-DDTM_33-33231_CC_20070601";"-1.23 0.28 44.16 45.60"
"18748.xml";"FR-120066022-MDCARTE-DDTM_33-33234_POS_19991214";"-1.23 0.28 44.16 45.60"
"16540.xml";"FR-120066022-MDCARTE-DDTM_33-33240_POS_20001222";"-1.23 0.28 44.16 45.60"
"17028.xml";"FR-120066022-MDCARTE-DDTM_33-33244CC20061027";"-1.23 0.28 44.16 45.60"
"17972.xml";"FR-120066022-MDCARTE-DDTM_33-33245_POS_20070327";"-1.23 0.28 44.16 45.60"
"16787.xml";"FR-120066022-MDCARTE-DDTM_33-33248_PLU_20050921";"-1.23 0.28 44.16 45.60"
"17227.xml";"FR-120066022-MDCARTE-DDTM_33-33252_POS_19930604";"-1.23 0.28 44.16 45.60"
"15565.xml";"FR-120066022-MDCARTE-DDTM_33-33256_PLU_20100217";"-1.23 0.28 44.16 45.60"
"18199.xml";"FR-120066022-MDCARTE-DDTM_33-33258_POS_19931213";"-1.23 0.28 44.16 45.60"
"18604.xml";"FR-120066022-MDCARTE-DDTM_33-33259_PLU_20090709";"-1.23 0.28 44.16 45.60"
"19324.xml";"FR-120066022-MDCARTE-DDTM_33-33260_POS_19901020";"-1.23 0.28 44.16 45.60"
"18105.xml";"FR-120066022-MDCARTE-DDTM_33-33262_PLU_20070906";"-1.23 0.28 44.16 45.60"
"15500.xml";"FR-120066022-MDCARTE-DDTM_33-33264_CC_20060620";"-1.23 0.28 44.16 45.60"
"17466.xml";"FR-120066022-MDCARTE-DDTM_33-33266_CC_20050620";"-1.23 0.28 44.16 45.60"
"19215.xml";"FR-120066022-MDCARTE-DDTM_33-33269_PLU_20080109";"-1.23 0.28 44.16 45.60"
"17343.xml";"FR-120066022-MDCARTE-DDTM_33-33270CC20061027";"-1.23 0.28 44.16 45.60"
"17663.xml";"FR-120066022-MDCARTE-DDTM_33-33272_PLU_20070221";"-1.23 0.28 44.16 45.60"
"17418.xml";"FR-120066022-MDCARTE-DDTM_33-33273_PLU_20101007";"-1.23 0.28 44.16 45.60"
"13897.xml";"FR-120066022-MDCARTE-DDTM_33-33274_PLU_20071228";"-1.23 0.28 44.16 45.60"
"14295.xml";"FR-120066022-MDCARTE-DDTM_33-33275CC20100827";"-1.23 0.28 44.16 45.60"
"19403.xml";"FR-120066022-MDCARTE-DDTM_33-33278CC20071123";"-1.23 0.28 44.16 45.60"
"16330.xml";"FR-120066022-MDCARTE-DDTM_33-33282CC20090423";"-1.23 0.28 44.16 45.60"
"14759.xml";"FR-120066022-MDCARTE-DDTM_33-33285CC20070703";"-1.23 0.28 44.16 45.60"
"19445.xml";"FR-120066022-MDCARTE-DDTM_33-33288CC20071218";"-1.23 0.28 44.16 45.60"
"18029.xml";"FR-120066022-MDCARTE-DDTM_33-33289_PLU_20080214";"-1.23 0.28 44.16 45.60"
"14269.xml";"FR-120066022-MDCARTE-DDTM_33-33293_PLU_20070301";"-1.23 0.28 44.16 45.60"
"16259.xml";"FR-120066022-MDCARTE-DDTM_33-33297_POS_20080320";"-1.23 0.28 44.16 45.60"
"17025.xml";"FR-120066022-MDCARTE-DDTM_33-33300_PLU_20060925";"-1.23 0.28 44.16 45.60"
"17658.xml";"FR-120066022-MDCARTE-DDTM_33-33305CC20061027";"-1.23 0.28 44.16 45.60"
"15667.xml";"FR-120066022-MDCARTE-DDTM_33-33307_PLU_20060210";"-1.23 0.28 44.16 45.60"
"18065.xml";"FR-120066022-MDCARTE-DDTM_33-33308_CC_20070117";"-1.23 0.28 44.16 45.60"
"17759.xml";"FR-120066022-MDCARTE-DDTM_33-33310_PLU_20080916";"-1.23 0.28 44.16 45.60"
"15196.xml";"FR-120066022-MDCARTE-DDTM_33-33311_POS_20040505";"-1.23 0.28 44.16 45.60"
"15318.xml";"FR-120066022-MDCARTE-DDTM_33-33314_PLU_20080626";"-1.23 0.28 44.16 45.60"
"18412.xml";"FR-120066022-MDCARTE-DDTM_33-33315_PLU_20090604";"-1.23 0.28 44.16 45.60"
"15345.xml";"FR-120066022-MDCARTE-DDTM_33-33317_PLU_20080730";"-1.23 0.28 44.16 45.60"
"16323.xml";"FR-120066022-MDCARTE-DDTM_33-33320CC20030303";"-1.23 0.28 44.16 45.60"
"14348.xml";"FR-120066022-MDCARTE-DDTM_33-33323_PLU_20060726";"-1.23 0.28 44.16 45.60"
"18832.xml";"FR-120066022-MDCARTE-DDTM_33-33326_CC_20050131";"-1.23 0.28 44.16 45.60"
"16700.xml";"FR-120066022-MDCARTE-DDTM_33-33329_PLU_20090911";"-1.23 0.28 44.16 45.60"
"16618.xml";"FR-120066022-MDCARTE-DDTM_33-33333_POS_20051227";"-1.23 0.28 44.16 45.60"
"16451.xml";"FR-120066022-MDCARTE-DDTM_33-33334_PLU_20100216";"-1.23 0.28 44.16 45.60"
"14310.xml";"FR-120066022-MDCARTE-DDTM_33-33335_CC_20050826";"-1.23 0.28 44.16 45.60"
"18257.xml";"FR-120066022-MDCARTE-DDTM_33-33336_PLU_20090911";"-1.23 0.28 44.16 45.60"
"14710.xml";"FR-120066022-MDCARTE-DDTM_33-33338_POS_19961105";"-1.23 0.28 44.16 45.60"
"13917.xml";"FR-120066022-MDCARTE-DDTM_33-33341_PLU_20081110";"-1.23 0.28 44.16 45.60"
"18327.xml";"FR-120066022-MDCARTE-DDTM_33-33343_PLU_20071217";"-1.23 0.28 44.16 45.60"
"18498.xml";"FR-120066022-MDCARTE-DDTM_33-33345CC20060809";"-1.23 0.28 44.16 45.60"
"14693.xml";"FR-120066022-MDCARTE-DDTM_33-33346CC20091027";"-1.23 0.28 44.16 45.60"
"16662.xml";"FR-120066022-MDCARTE-DDTM_33-33347_CC_20051128";"-1.23 0.28 44.16 45.60"
"19254.xml";"FR-120066022-MDCARTE-DDTM_33-33348_POS_20000912";"-1.23 0.28 44.16 45.60"
"17134.xml";"FR-120066022-MDCARTE-DDTM_33-33349_PLU_20051219";"-1.23 0.28 44.16 45.60"
"16452.xml";"FR-120066022-MDCARTE-DDTM_33-33351_CC_20060330";"-1.23 0.28 44.16 45.60"
"15950.xml";"FR-120066022-MDCARTE-DDTM_33-33360_PLU_20080109";"-1.23 0.28 44.16 45.60"
"17935.xml";"FR-120066022-MDCARTE-DDTM_33-33361CC20040818";"-1.23 0.28 44.16 45.60"
"17464.xml";"FR-120066022-MDCARTE-DDTM_33-33363_PLU_20061214";"-1.23 0.28 44.16 45.60"
"17469.xml";"FR-120066022-MDCARTE-DDTM_33-33367CC20090706";"-1.23 0.28 44.16 45.60"
"14008.xml";"FR-120066022-MDCARTE-DDTM_33-33369_PLU_20080109";"-1.23 0.28 44.16 45.60"
"14711.xml";"FR-120066022-MDCARTE-DDTM_33-33370_CC_20060728";"-1.23 0.28 44.16 45.60"
"15342.xml";"FR-120066022-MDCARTE-DDTM_33-33373CC20051019";"-1.23 0.28 44.16 45.60"
"17921.xml";"FR-120066022-MDCARTE-DDTM_33-33374CC20050613";"-1.23 0.28 44.16 45.60"
"15524.xml";"FR-120066022-MDCARTE-DDTM_33-33389_PLU_20110225";"-1.23 0.28 44.16 45.60"
"18657.xml";"FR-120066022-MDCARTE-DDTM_33-33390_CC_20090407";"-1.23 0.28 44.16 45.60"
"15008.xml";"FR-120066022-MDCARTE-DDTM_33-33391CC20061027";"-1.23 0.28 44.16 45.60"
"14212.xml";"FR-120066022-MDCARTE-DDTM_33-33395_PLU_20050914";"-1.23 0.28 44.16 45.60"
"15214.xml";"FR-120066022-MDCARTE-DDTM_33-33396CC20070809";"-1.23 0.28 44.16 45.60"
"16667.xml";"FR-120066022-MDCARTE-DDTM_33-33397_PLU_20101124";"-1.23 0.28 44.16 45.60"
"16729.xml";"FR-120066022-MDCARTE-DDTM_33-33401CC20090403";"-1.23 0.28 44.16 45.60"
"16734.xml";"FR-120066022-MDCARTE-DDTM_33-33404CC20061215_zonage";"-1.23 0.28 44.16 45.60"
"17982.xml";"FR-120066022-MDCARTE-DDTM_33-33413_POS_20011105";"-1.23 0.28 44.16 45.60"
"16427.xml";"FR-120066022-MDCARTE-DDTM_33-33417_POS_20070725";"-1.23 0.28 44.16 45.60"
"16322.xml";"FR-120066022-MDCARTE-DDTM_33-33420CC20090807";"-1.23 0.28 44.16 45.60"
"14496.xml";"FR-120066022-MDCARTE-DDTM_33-33422_POS_20090220";"-1.23 0.28 44.16 45.60"
"14375.xml";"FR-120066022-MDCARTE-DDTM_33-33424_POS_20080220";"-1.23 0.28 44.16 45.60"
"14972.xml";"FR-120066022-MDCARTE-DDTM_33-33426CC20070809";"-1.23 0.28 44.16 45.60"
"15988.xml";"FR-120066022-MDCARTE-DDTM_33-33427CC20070629";"-1.23 0.28 44.16 45.60"
"14836.xml";"FR-120066022-MDCARTE-DDTM_33-33428CC20090706";"-1.23 0.28 44.16 45.60"
"17393.xml";"FR-120066022-MDCARTE-DDTM_33-33433_PLU_20081106";"-1.23 0.28 44.16 45.60"
"16271.xml";"FR-120066022-MDCARTE-DDTM_33-33435_POS_19950914";"-1.23 0.28 44.16 45.60"
"15465.xml";"FR-120066022-MDCARTE-DDTM_33-33436_PLU_20080409";"-1.23 0.28 44.16 45.60"
"14835.xml";"FR-120066022-MDCARTE-DDTM_33-33437_PLU_20050608";"-1.23 0.28 44.16 45.60"
"16011.xml";"FR-120066022-MDCARTE-DDTM_33-33439CC20100504";"-1.23 0.28 44.16 45.60"
"17923.xml";"FR-120066022-MDCARTE-DDTM_33-33440CC20090626";"-1.23 0.28 44.16 45.60"
"15273.xml";"FR-120066022-MDCARTE-DDTM_33-33442CC20050221";"-1.23 0.28 44.16 45.60"
"19491.xml";"FR-120066022-MDCARTE-DDTM_33-33445CC20030722";"-1.23 0.28 44.16 45.60"
"15428.xml";"FR-120066022-MDCARTE-DDTM_33-33454_POS_20091222";"-1.23 0.28 44.16 45.60"
"19359.xml";"FR-120066022-MDCARTE-DDTM_33-33459CC20070809";"-1.23 0.28 44.16 45.60"
"14468.xml";"FR-120066022-MDCARTE-DDTM_33-33471_POS_20060109";"-1.23 0.28 44.16 45.60"
"15369.xml";"FR-120066022-MDCARTE-DDTM_33-33473_PLU_20090409";"-1.23 0.28 44.16 45.60"
"16930.xml";"FR-120066022-MDCARTE-DDTM_33-33474_PLU_20050927";"-1.23 0.28 44.16 45.60"
"17821.xml";"FR-120066022-MDCARTE-DDTM_33-33475_CC_20071128";"-1.23 0.28 44.16 45.60"
"18754.xml";"FR-120066022-MDCARTE-DDTM_33-33476_CC_20100928";"-1.23 0.28 44.16 45.60"
"14537.xml";"FR-120066022-MDCARTE-DDTM_33-33481CC20060523";"-1.23 0.28 44.16 45.60"
"15951.xml";"FR-120066022-MDCARTE-DDTM_33-33483_POS_20011219";"-1.23 0.28 44.16 45.60"
"17406.xml";"FR-120066022-MDCARTE-DDTM_33-33484_PLU_20070803";"-1.23 0.28 44.16 45.60"
"19149.xml";"FR-120066022-MDCARTE-DDTM_33-33485_CC_20040524";"-1.23 0.28 44.16 45.60"
"17544.xml";"FR-120066022-MDCARTE-DDTM_33-33490_POS_19840906";"-1.23 0.28 44.16 45.60"
"17361.xml";"FR-120066022-MDCARTE-DDTM_33-33491CC20061009";"-1.23 0.28 44.16 45.60"
"18970.xml";"FR-120066022-MDCARTE-DDTM_33-33493_CC_20060220";"-1.23 0.28 44.16 45.60"
"14011.xml";"FR-120066022-MDCARTE-DDTM_33-33495_PLU_20070111";"-1.23 0.28 44.16 45.60"
"17302.xml";"FR-120066022-MDCARTE-DDTM_33-33501_PLU_20071108";"-1.23 0.28 44.16 45.60"
"16594.xml";"FR-120066022-MDCARTE-DDTM_33-33503_POS_20060627";"-1.23 0.28 44.16 45.60"
"18253.xml";"FR-120066022-MDCARTE-DDTM_33-33505_POS_20020218";"-1.23 0.28 44.16 45.60"
"17204.xml";"FR-120066022-MDCARTE-DDTM_33-33506_POS_20060509";"-1.23 0.28 44.16 45.60"
"17514.xml";"FR-120066022-MDCARTE-DDTM_33-33507CC20061027";"-1.23 0.28 44.16 45.60"
"16835.xml";"FR-120066022-MDCARTE-DDTM_33-33509CC20071205";"-1.23 0.28 44.16 45.60"
"18982.xml";"FR-120066022-MDCARTE-DDTM_33-33510CC20090629";"-1.23 0.28 44.16 45.60"
"19041.xml";"FR-120066022-MDCARTE-DDTM_33-33514_PLU_20070521";"-1.23 0.28 44.16 45.60"
"19381.xml";"FR-120066022-MDCARTE-DDTM_33-33515CC20061027";"-1.23 0.28 44.16 45.60"
"19133.xml";"FR-120066022-MDCARTE-DDTM_33-33518_PLU_20050704";"-1.23 0.28 44.16 45.60"
"19310.xml";"FR-120066022-MDCARTE-DDTM_33-33520CC20060710";"-1.23 0.28 44.16 45.60"
"14362.xml";"FR-120066022-MDCARTE-DDTM_33-33521_POS_19931002";"-1.23 0.28 44.16 45.60"
"15330.xml";"FR-120066022-MDCARTE-DDTM_33-33523_PLU_20090320";"-1.23 0.28 44.16 45.60"
"17824.xml";"FR-120066022-MDCARTE-DDTM_33-33524CC20090204";"-1.23 0.28 44.16 45.60"
"14569.xml";"FR-120066022-MDCARTE-DDTM_33-33528PLU20081218";"-1.23 0.28 44.16 45.60"
"17480.xml";"FR-120066022-MDCARTE-DDTM_33-33532CC20050325";"-1.23 0.28 44.16 45.60"
"14454.xml";"FR-120066022-MDCARTE-DDTM_33-33534_PLU_20060112";"-1.23 0.28 44.16 45.60"
"17243.xml";"FR-120066022-MDCARTE-DDTM_33-33537_PLU_20090911";"-1.23 0.28 44.16 45.60"
"17468.xml";"FR-120066022-MDCARTE-DDTM_33-33538_CC_20100106";"-1.23 0.28 44.16 45.60"
"18143.xml";"FR-120066022-MDCARTE-DDTM_33-33539_PLU_20051114";"-1.23 0.28 44.16 45.60"
"16645.xml";"FR-120066022-MDCARTE-DDTM_33-33540_POS_20091218";"-1.23 0.28 44.16 45.60"
"15521.xml";"FR-120066022-MDCARTE-DDTM_33-33541_PLU_20021223";"-1.23 0.28 44.16 45.60"
"18147.xml";"FR-120066022-MDCARTE-DDTM_33-33544_POS_20060316";"-4.24 -5.74 41.38 27.14"
"15346.xml";"FR-120066022-MDCARTE-DDTM_33-33545_PLU_20080415";"-1.23 0.28 44.16 45.60"
"18833.xml";"FR-120066022-MDCARTE-DDTM_33-33546CC20070809";"-1.23 0.28 44.16 45.60"
"19179.xml";"FR-120066022-MDCARTE-DDTM_33-33547_PLU_20091113";"-1.23 0.28 44.16 45.60"
"16858.xml";"FR-120066022-MDCARTE-DDTM_33-33548_PLU_20040621";"-1.23 0.28 44.16 45.60"
"17368.xml";"FR-120066022-MDCARTE-DDTM_33-33554_POS_20080121";"-1.23 0.28 44.16 45.60"
"18911.xml";"FR-120066022-MDCARTE-DDTM_33-33555_POS_20110324";"-1.23 0.28 44.16 45.60"
"18378.xml";"FR-120066022-MDCARTE-DDTM_33-planification_jourJ";"-1.23 0.28 44.16 45.60"
"16636.xml";"FR-120066022-MDCARTE-DDTM_40-Carte_de_bruit_strategique_Lden___Reseau_routier_de_Dax";"-1.52 0.11 43.47 44.56"
"15910.xml";"FR-120066022-MDCARTE-DDTM_40-Carte_de_bruit_strategique_Ln___Reseau_routier_de_Dax";"-1.52 0.11 43.47 44.56"
"15508.xml";"FR-120066022-MDCARTE-DDTM_40-Carte_strategique_Reseau_routier_de_Dax_Depassement_valeur_limite_Ln62dB";"-1.52 0.11 43.47 44.56"
"15198.xml";"FR-120066022-MDCARTE-DDT_24-Accessibilite_Communes_EPCI_24";"-0.02 1.43 44.55 45.72"
"16349.xml";"FR-120066022-MDCARTE-DDT_24-PIGMA_DONNEES_DDT_024";"-0.02 1.43 44.55 45.72"
"20371.xml";"FR-120066022-MDCOUCHE-DREAL_Aquitaine-SuiviMarcheNum_Cartelie-c_L_SCOT_R72_Valeurs_etat";"-1.74 1.43 42.74 45.72"
"20369.xml";"FR-120066022-MDLOT-131216";"-1.74 1.43 42.74 45.72"
"20360.xml";"FR-120066022-MDLOT-1328";"-1.74 1.43 42.74 45.72"
"20410.xml";"FR-120066022-MDLOT-13409";"-1.74 0.62 42.66 43.62"
"20387.xml";"FR-120066022-MDLOT-13416";"-1.74 0.01 42.74 43.60"
"20411.xml";"FR-120066022-MDLOT-13419";"-1.74 0.62 42.66 43.62"
"20394.xml";"FR-120066022-MDLOT-13436";"-1.74 1.43 42.74 45.72"
"20389.xml";"FR-120066022-MDLOT-13438";"-1.74 1.43 42.74 45.72"
"20422.xml";"FR-120066022-MDLOT-13562";"-1.74 1.43 42.74 45.72"
"20390.xml";"FR-120066022-MDLOT-13662";"-1.74 4.88 42.33 47.19"
"20412.xml";"FR-120066022-MDLOT-13806";"-1.74 4.88 42.33 47.19"
"20413.xml";"FR-120066022-MDLOT-13808";"-1.74 4.88 42.33 47.19"
"20414.xml";"FR-120066022-MDLOT-13859";"-1.74 4.88 42.33 47.19"
"20374.xml";"FR-120066022-MDLOT-14134";"-1.74 1.43 42.74 45.72"
"20391.xml";"FR-120066022-MDLOT-14138";"-1.74 1.43 42.74 45.72"
"20392.xml";"FR-120066022-MDLOT-14162";"-1.74 1.43 42.74 45.72"
"20404.xml";"FR-120066022-MDLOT-14165";"-1.74 1.43 42.74 45.72"
"20415.xml";"FR-120066022-MDLOT-14431";"-1.74 4.88 42.33 47.19"
"20423.xml";"FR-120066022-MDLOT-14432";"-1.74 4.88 42.33 47.19"
"20375.xml";"FR-120066022-MDLOT-18728";"-1.74 1.43 42.74 45.72"
"20377.xml";"FR-120066022-MDLOT-19209";"-1.74 1.43 42.74 45.72"
"20393.xml";"FR-120066022-MDLOT-21121";"-1.74 1.43 42.74 45.72"
"20378.xml";"FR-120066022-MDLOT-22331";"-1.74 1.43 42.74 45.72"
"20379.xml";"FR-120066022-MDLOT-26435";"-1.74 1.43 42.74 45.72"
"20381.xml";"FR-120066022-MDLOT-26436";"-1.74 1.43 42.74 45.72"
"20366.xml";"FR-120066022-MDLOT-26437";"-1.74 1.43 42.74 45.72"
"20420.xml";"FR-120066022-MDLOT-3029";"-1.74 1.43 42.74 45.72"
"20372.xml";"FR-120066022-MDLOT-3755";"-1.74 1.43 42.74 45.72"
"20361.xml";"FR-120066022-MDLOT-3759";"-1.74 1.43 42.74 45.72"
"20396.xml";"FR-120066022-MDLOT-3760";"-1.74 1.43 42.74 45.72"
"20362.xml";"FR-120066022-MDLOT-3761";"-1.74 1.43 42.74 45.72"
"20397.xml";"FR-120066022-MDLOT-3762";"-1.74 1.43 42.74 45.72"
"20363.xml";"FR-120066022-MDLOT-3764";"-1.74 1.43 42.74 45.72"
"20407.xml";"FR-120066022-MDLOT-3765";"-1.74 4.88 42.33 47.19"
"20416.xml";"FR-120066022-MDLOT-3767";"-1.74 4.88 42.33 47.19"
"20408.xml";"FR-120066022-MDLOT-3770";"-1.74 4.88 42.33 47.19"
"20385.xml";"FR-120066022-MDLOT-3772";"-1.74 4.88 42.33 47.19"
"20398.xml";"FR-120066022-MDLOT-3774";"-1.74 4.88 42.33 47.19"
"20399.xml";"FR-120066022-MDLOT-3775";"-1.74 4.88 42.33 47.19"
"20409.xml";"FR-120066022-MDLOT-3776";"-1.74 4.88 42.33 47.19"
"20400.xml";"FR-120066022-MDLOT-3777";"-1.74 1.43 42.74 45.72"
"20401.xml";"FR-120066022-MDLOT-3797";"-1.74 1.43 42.74 45.72"
"20402.xml";"FR-120066022-MDLOT-3798";"-1.74 1.43 42.74 45.72"
"20386.xml";"FR-120066022-MDLOT-3800";"-1.74 1.43 42.74 45.72"
"20403.xml";"FR-120066022-MDLOT-4232";"-1.74 1.43 42.74 45.72"
"20382.xml";"FR-120066022-MDLOT-88971";"-1.74 1.43 42.74 45.72"
"8972.xml";"FRE.120-066-022.ADL.METADATA.LOT.13220";"-1.74 1.43 42.74 45.72"
"9470.xml";"FRE.120-066-022.ADL.METADATA.LOT.17291";"-1.74 1.43 42.74 45.72"
"13570.xml";"FRE.120-066-022.ADL.METADATA.LOT.27042";"-1.74 1.43 42.74 45.72"
"1760.xml";"Moulins"
"1761.xml";"Sites_Observations_Ornithologiques"
"24769.xml";"a05dcabf-b808-4d30-8de0-d50675fa5a27";"-1.86101 0.08357 42.70155 43.66835"
"24663.xml";"a172fb8c-f94c-43eb-825e-164d45275931";"-1.86101 0.08357 42.70155 43.66835"
"24759.xml";"a18908a7-22e6-4653-87b6-146a30fb5bdd";"-1.86101 0.08357 42.70155 43.66835"
"5868.xml";"a3d888d2-ce91-4ef8-a78e-48bdbc1ccb95"
"24737.xml";"a6820e5a-4e02-4178-8fac-586895554a98";"-1.86101 0.08357 42.70155 43.66835"
"228.xml";"a6af5e43-90ca-4b3a-9d5d-75823712bbb0";"-0.75 -0.60 44.799 44.862"
"5703.xml";"a806f792-0bae-4bca-a023-f442a4e90c8b"
"5932.xml";"ac90769a-23eb-4d65-a591-bcb8e92dad72"
"5803.xml";"ad228ef2-3d9a-4c80-a239-ce3cdd6f6adf"
"5902.xml";"ada28404-5d09-46c6-9b63-49fd2afd620c"
"5829.xml";"adb351fe-fcf6-47ff-957f-adb64425702c"
"24703.xml";"b0ffd8c5-e71e-44b1-a5dd-ca42e3ede6cf";"-1.86101 0.08357 42.70155 43.66835"
"5045.xml";"b1dcf4db-bde1-44b0-981a-227e78f400bd"
"5028.xml";"b3f09639-33b9-4b16-826b-d0a862197096"
"5719.xml";"b472c51e-fe1a-4c7a-b91e-4ccdba662986"
"5911.xml";"b508af61-294d-4805-91e0-eddd8b184b91"
"5741.xml";"b5ca0cc0-2a1e-41de-86c2-2197691ce5da"
"5765.xml";"b70b93e8-dd5b-436c-abe6-476645b8b1ad"
"24642.xml";"b7cffb93-41a9-412f-a284-d121f1a44ade"
"22695.xml";"b80da059-ef95-4a54-8df3-f9b0a79d74a3";"-1.2218933105469 -0.9348754882812501 43.612216189317 43.842929079942"
"6044.xml";"b82f670d-8ddc-4224-9ac7-a753a3ddde78"
"24764.xml";"b907ab6c-d246-4f59-8a95-a36cf5cc1204";"-1.32072 -1.02527 42.980319 43.15147"
"22694.xml";"b909f031-1793-486e-b3cf-de55e15821ad";"-1.2218933105469 -0.9348754882812501 43.612216189317 43.842929079942"
"5890.xml";"b9980610-19bd-4ec9-9590-856dce719007"
"6042.xml";"ba1f00d3-fd5e-43a6-b017-e45a8044eb24"
"5030.xml";"ba2ba2ce-526f-4cf1-98bb-c1c10e2a4c0c"
"24676.xml";"ba35091f-abba-4e18-847b-7d0c34982b8d";"-1.86101 0.08357 42.70155 43.66835"
"24751.xml";"bcab8a42-d7b8-4a25-99a6-d490642b7a37";"-1.86101 0.08357 42.70155 43.66835"
"7184.xml";"bd_alti";"-1.53 0.15 43.48 44.54"
"7187.xml";"bd_ortho_2009";"-2.05 .089 43.496 44.507"
"24626.xml";"c0c6e9c5-96ca-4a97-be0f-40aa26035c80";"-1.86101 0.08357 42.70155 43.66835"
"24700.xml";"c1440650-d871-4ec8-affe-0485b893fa36"
"5781.xml";"c2f0227a-aa37-4929-9af3-72625ccae2e9"
"24770.xml";"c36fd823-347d-4d4b-af74-7bb286e4c43e";"-1.86101 0.08357 42.70155 43.66835"
"24721.xml";"c3b67754-c625-49a1-86b9-237b814b5607"
"5674.xml";"c3bcce3a-33e2-4fdd-b408-4183a8c2dddf"
"24627.xml";"c4a2c243-f552-4c82-aee5-f9e87f749d6e";"-1.86101 0.08357 42.70155 43.66835"
"6087.xml";"c5471712-51ba-4d4d-99e3-556b8cc0129d";"-1.74 1.43 42.74 45.72"
"5029.xml";"c5ce02f3-1c25-4556-8aa0-d1fe7d0490fe"
"5845.xml";"c7b7cdc1-cd0c-47c3-8fc7-4fd7f78f6ee9"
"24659.xml";"c822d4bb-5bd3-4d43-980a-1799b6bfbea8";"-1.86101 0.08357 42.70155 43.66835"
"5035.xml";"c8714042-c726-4441-a1a7-9abf167eedbd"
"5671.xml";"c939d11d-f587-40d5-afb5-f620a5e888dd"
"6079.xml";"c99d86b1-c724-4f48-b37f-09fcdcfd000e";"-2.115 1.429 42.782 45.718"
"5907.xml";"cd02dd36-ce38-422e-94fb-2d7793645e0f"
"24741.xml";"cfec7ab3-89e9-4e6b-b903-acbdda4f75f1";"-1.86101 0.08357 42.70155 43.66835"
"1759.xml";"d03dbc99-348b-42ed-ad12-fd87c6c1542d"
"5777.xml";"d0660a56-4721-4deb-93e0-434fe212d7a5"
"9987.xml";"d2cc4021-aef6-42be-b97a-4196a32bb764";"-0.63 -0.53 44.812 44.916"
"21225.xml";"d319ddc6-e607-4469-8b97-20ef09cf34cd";"-1.670564 -1.683734 43.395087 43.399396"
"24625.xml";"d399ea6d-71de-4a5b-9363-c97838555a8c";"-1.86101 0.08357 42.70155 43.66835"
"24758.xml";"d3b5415e-df3e-4e0f-a154-6bfa6eb9b9ca";"-1.86101 0.08357 42.70155 43.66835"
"24655.xml";"d5318961-74f0-4003-a0da-141e3b460d51";"-1.86101 0.08357 42.70155 43.66835"
"5793.xml";"d5c009a5-a6af-45da-af0b-f6b91202ea1d"
"24612.xml";"d6458bb0-ac04-4b9c-a38b-90b650a5b348";"-1.86101 0.08357 42.70155 43.66835"
"24763.xml";"d67c4c78-3311-4de4-9f4e-dde607f2d182";"-1.86101 0.08357 42.70155 43.66835"
"5708.xml";"d84b71db-3d73-4905-bcfb-82544b56f094"
"1433.xml";"d9abd3b4-425d-42b8-9010-76449f927184"
"24641.xml";"d9cc1c6f-437d-4b6e-99ff-22d4c08dffab";"-1.86101 0.08357 42.70155 43.66835"
"8674.xml";"db68316f-dc83-4857-a984-f5c15c66daa6";"-1.23 0.28 44.16 45.60"
"5858.xml";"dc75d84d-f49f-4a31-a772-2d670258553c"
"9985.xml";"dcbb18b2-da3c-48b0-84ea-434fd29aa420";"-0.63 -0.53 44.812 44.916"
"5702.xml";"dd1e6448-5434-401e-9dc6-089b0cbaaac3"
"1081.xml";"dd4ac08b-c076-453f-b812-8516e501da94"
"5685.xml";"dec26b3a-23f6-4531-b9ba-32612d4f4765"
"6240.xml";"e0ebeeca-ec63-41ca-8d0f-477a2e6cb963";"-1.2218933105469 -0.9348754882812501 43.612216189317 43.842929079942"
"21220.xml";"e1cdd166-abfb-4a58-85fa-dbac89c627de";"-1.598517 -1.624379 43.404078 43.430226"
"5800.xml";"e1d9ba43-3203-48a5-9494-45fd8e9e7614"
"24637.xml";"e20fde9f-3cbe-4adc-a6dd-969b5f918682";"-1.86101 0.08357 42.70155 43.66835"
"24647.xml";"e2760933-6e42-4882-bea6-eed97a504cd9";"-1.86101 0.08357 42.70155 43.66835"
"5714.xml";"e2e2736d-c1d6-4ef6-8ae5-4abad1c0a85c"
"5662.xml";"e2fd3d33-786f-41c3-a338-711b7b46606e"
"24734.xml";"e50596bb-c93f-499c-aee0-02e7eadc479f"
"5889.xml";"e6615f5c-7c6e-45fd-8c04-520dfb3cf088"
"5782.xml";"e7e733d2-bf61-4993-8615-7b0339c544f3"
"5773.xml";"e883b11c-2452-4aa1-8b19-f5dec8047064"
"20343.xml";"e8c8f79e-9c94-4b84-b8ee-23f0c71cd667";"-11.569211 14.797972 35.06498 54.851948"
"24762.xml";"e9e1cd78-6e7d-4e1b-91f9-edc7fd978be2";"-1.86101 0.08357 42.70155 43.66835"
"24747.xml";"ea9f9dec-45e5-4eb7-90cf-1a1da88ed695";"-1.86101 0.08357 42.70155 43.66835"
"5808.xml";"ead96504-d760-4f55-8258-16811089aa5a"
"5033.xml";"eb870585-b72d-4592-be7e-19693c1df031"
"24761.xml";"ec8685aa-eb66-4bdd-b493-37e23638632c";"-1.86101 0.08357 42.70155 43.66835"
"24607.xml";"f0f3b308-8cc6-4005-a7dd-4c3c604fac8e"
"6043.xml";"f19404d9-8809-43a9-8253-909975852cd7"
"24757.xml";"f1a13aa2-bb7d-4d49-87c1-5df8ef4f356c";"-1.86101 0.08357 42.70155 43.66835"
"5814.xml";"f4fbc8dc-fa9b-4902-b6fa-960155794620"
"20639.xml";"f538e996-d271-44a7-93d1-60d9a8584343";"-2.05 .089 43.496 44.507"
"24709.xml";"f80abeb1-90fb-4811-95be-9e280abd0192";"-1.86101 0.08357 42.70155 43.66835"
"24720.xml";"f8da9e41-b90d-4ce8-933b-7a73e9bd57bf";"-1.86101 0.08357 42.70155 43.66835"
"24756.xml";"f8fb3e46-9476-4df4-aba9-549b5ead31f2";"-1.86101 0.08357 42.70155 43.66835"
"5689.xml";"f9ca1241-7c1d-43b4-8b1c-29d08161937c"
"5872.xml";"f9eec240-b3df-4b88-a2d3-22991a3b1a35"
"5751.xml";"fa643fcb-4485-478a-9577-ea99a306fa0c"
"5731.xml";"fd3783c3-9481-4175-a740-9dd2e0a0c63d"
"5667.xml";"fd5576de-7243-4863-a64a-7cf4d51b5435"
"24634.xml";"fd7fd474-5fcb-443d-8d83-6dd83e251276";"-1.86101 0.08357 42.70155 43.66835"
"24669.xml";"fe4db5a3-62bf-4f07-aa52-618db7b137a0"
"24760.xml";"fe95f3e6-3bce-439c-b14c-76c9e1cd3156";"-1.86101 0.08357 42.70155 43.66835"
"5915.xml";"ff3d3495-08dd-41ae-b915-0022600cd72e";"-1.192073 -1.018556 44.637650 44.771572"
"24739.xml";"ffaec7e9-c5c6-4e0f-82fc-a03a54bee2a8";"-1.86101 0.08357 42.70155 43.66835"
"5669.xml";"ffec081b-75c7-479f-a2ae-2025cf6e1309"
"24822.xml";"fr-120066022-jdd-42039693-4e37-4f43-b5a2-1b877d218551";"-0.02 0.02 42.74 45.72"
"23307.xml";"fr-120066022-jdd-44207307-f67f-4412-9627-77955ecab9dd";"1.51 -1.98 42.78 45.71"
"23310.xml";"fr-120066022-jdd-5a8ad62e-eba2-4ae5-96cd-5c405fbed252";"1.51 -1.96 42.78 45.71"
"23308.xml";"fr-120066022-jdd-8a22b105-abe6-4b15-a34b-6c1342528d2d";"1.51 -1.98 42.78 45.71"
"23309.xml";"fr-120066022-jdd-94fc49c0-ea5a-4881-87ce-7250a8c1a6cb";"1.51 -1.98 42.78 45.71"
"23306.xml";"fr-120066022-jdd-d23fd329-ec81-4831-9ac4-d615493e7e9a";"1.51 -1.97 42.78 45.71"
"23317.xml";"fr-120066022-ldd-249e7a1d-f645-4006-9119-e0993fc4c329";"1.4482598304748535 -1.7860045433044434 42.779117584228516 45.71457290649414"
"7185.xml";"meta_france_raster";"-2.05 .089 43.496 44.507"
"7186.xml";"meta_ortho2007";"-2.05 .089 43.496 44.507"
"7188.xml";"meta_reseaux_FDASAH40_CA40";"-2.05 .089 43.496 44.507"
"7190.xml";"meta_scan25";"-2.05 .089 43.496 44.507"
"7192.xml";"meta_scandept";"-2.05 .089 43.496 44.507"
"7193.xml";"meta_topo";"-1.53 0.15 43.48 44.54"
"7195.xml";"meta_urba";"-1.53 0.15 43.48 44.54"
"7189.xml";"meta_voirie_cg40";"-2.05 .089 43.496 44.507"
"7183.xml";"metadonne_adresse";"-2.05 .089 43.496 44.507"
"7220.xml";"metadonne_znieff1";"-1.53 0.15 43.48 44.54"
"7224.xml";"metadonnee_AEP";"-2.05 .089 43.496 44.507"
"7223.xml";"metadonnee_ASS";"-2.05 .089 43.496 44.507"
"7213.xml";"metadonnee_ERDF";"-1.53 0.15 43.48 44.54"
"7200.xml";"metadonnee_IGP";"-2.05 .089 43.496 44.507"
"7214.xml";"metadonnee_RFF";"-1.53 0.15 43.48 44.54"
"7197.xml";"metadonnee_architecture_et_patrimoine";"-2.05 .089 43.496 44.507"
"7218.xml";"metadonnee_biotope";"-1.53 0.15 43.48 44.54"
"7222.xml";"metadonnee_gaz";"-1.53 0.15 43.48 44.54"
"7201.xml";"metadonnee_lim_adm";"-1.53 0.15 43.48 44.54"
"7221.xml";"metadonnee_natura2000";"-1.53 0.15 43.48 44.54"
"7202.xml";"metadonnee_occupation_terres";"-2.05 .089 43.496 44.507"
"7217.xml";"metadonnee_parc_regional";"-1.53 0.15 43.48 44.54"
"7203.xml";"metadonnee_risque";"-2.05 .089 43.496 44.507"
"7194.xml";"metadonnee_tourisme";"-2.05 .089 43.496 44.507"
"7207.xml";"metadonnee_voirie";"-1.53 0.15 43.48 44.54"
"7219.xml";"metadonnee_zico";"-1.53 0.15 43.48 44.54"
"7215.xml";"metadonnee_znieff2";"-1.53 0.15 43.48 44.54"
"13372.xml";"ocs_00_09"
"5928.xml";"{0204DB0C-5D6B-4F57-925C-47927506F26D}";"-1.803967 -1.019581 43.008463 43.549886"
"5865.xml";"{04624378-142A-4B46-AFDA-991EF1A5D79E}";"-1.776673 -1.482431 43.324352 43.436875"
"5936.xml";"{056265CF-CE4B-43E0-9871-C1F9EC64749B}";"-1.767095 -1.539650 43.342488 43.493299"
"5922.xml";"{07E482AD-3EB1-4E53-A188-2B3522A5A5EA}";"-1.605067 -1.418015 43.370830 43.541066"
"5693.xml";"{07F90F31-55B1-4736-BD52-0B371EF72059}";"-1.810578 -1.480520 43.325655 43.651184"
"5795.xml";"{080BB568-F8C2-431C-B443-FC59F366F473}";"-2.812060 -0.470804 43.243844 45.864715"
"5929.xml";"{08AC3A40-3A7F-429B-A0DE-1C7FCE924980}";"-1.780871 -1.440805 43.277548 43.471429"
"5755.xml";"{1166DFAB-4E9E-4DD1-83F3-6F8EF55753DB}";"-1.797340 -1.389613 43.296394 43.537691"
"5934.xml";"{21FB420F-BAD1-4FCC-A039-464B4DB2B686}";"-1.805535 -1.480520 43.325655 43.581743"
"5935.xml";"{240779EB-5FFA-4106-A39C-96BBCABFB845}";"-1.591684 -1.573141 43.442903 43.456337"
"5691.xml";"{245CD8FC-3201-45C3-BC7B-E1F352A7AADB}";"-1.715537 -0.915289 43.492754 45.573737"
"5677.xml";"{2B5D2A4B-0882-4C01-A212-62F01AFEF290}";"-1.685471 -0.918930 43.530462 45.572268"
"5656.xml";"{2E2ED304-4AE2-460B-9F2C-4200FCAD335F}";"-1.732577 -0.911181 43.483406 45.573667"
"5921.xml";"{3170A2BE-3D8C-4CB9-B2A1-7BF55FF48A64}";"-1.786781 -1.531073 43.361474 43.496396"
"5728.xml";"{335EB186-01DB-4C57-B6EB-72FCAC563180}";"-1.593787 -1.455136 43.451558 43.573216"
"5809.xml";"{36D2340F-714D-4E1E-920B-E2361109F8AA}";"-1.146159 -1.055711 44.704160 44.764511"
"5718.xml";"{3B03FC6F-CC80-4E02-BD50-83E0B4FE0CA8}";"-1.806593 -1.340272 43.313547 43.564960"
"5873.xml";"{3F3EB0C6-E2E1-4EBD-821A-F15E1061EB7F}";"-1.804975 -1.424515 43.329930 43.572176"
"5739.xml";"{3FC1F2D0-1382-49B0-91CA-EAEDA6343E4F}";"-1.559934 -1.039898 43.730909 45.390288"
"5683.xml";"{41C66803-E806-44C2-B37E-1998F53D6BC1}";"-1.281275 -0.700333 44.441175 44.838368"
"5937.xml";"{454DDE4B-2602-4E94-9F21-20576838C14F}";"REQUIRED: Western-most coordinate of the limit of coverage expressed in longitude. REQUIRED: Eastern-most coordinate of the limit of coverage expressed in longitude. REQUIRED: Southern-most coordinate of the limit of coverage expressed in latitude. REQUIRED: Northern-most coordinate of the limit of coverage expressed in latitude."
"5775.xml";"{4B5AA58F-1EE4-4C7A-A23C-DD41616B59CC}";"-1.180533 -1.036819 44.674217 44.773081"
"5905.xml";"{4D271511-20AD-4F66-BB9B-3DD0D50AE7CC}";"-1.698372 -0.917779 43.529200 45.573703"
"5821.xml";"{4D99B2EC-929F-4BC3-AAD1-89CAA424F343}";"-1.686893 -0.918674 43.530489 45.573298"
"5842.xml";"{4E96AB37-9381-4EC6-9840-E8F239F2A685}";"-1.804975 -1.424515 43.329930 43.572176"
"5738.xml";"{51DEB863-3ABB-4982-BC72-2F35F735B751}";"-1.803385 0.057801 42.731696 43.623969"
"5923.xml";"{548FE5E8-1686-40D0-91EF-811034BD15CC}";"-1.686203 -0.918872 43.530425 45.572339"
"5675.xml";"{54AD919C-3AED-4308-868B-00BF5C2F3DDE}";"-1.667696 -1.013303 43.543418 45.478724"
"5734.xml";"{562966A2-FA18-43A2-8EEF-6D848F2E1427}";"-1.752939 -1.445432 43.309258 43.455996"
"5710.xml";"{5840718E-8541-4648-85E0-9EDC249B0279}";"-1.695938 -0.918444 43.528852 45.573671"
"5666.xml";"{5DBC00E6-D986-45F2-A10E-14976BAE2568}";"-1.691073 -0.937424 43.492794 45.573796"
"5837.xml";"{60D96FAE-7D30-4401-8BC9-E0FCEB1029C3}";"-1.813601 -1.554487 43.381217 43.505106"
"5820.xml";"{62643DA0-DCC8-4CA8-874D-95000CD3236F}";"-1.258711 -0.995627 44.598815 44.772374"
"5916.xml";"{62AB6ACA-B8F1-4FAC-B19B-E73040AF508C}";"-1.767644 -1.555903 43.378648 43.484460"
"5701.xml";"{6380FA48-6AC6-4199-B37F-CD00BD4110EC}";"-1.768827 -1.531540 43.342301 43.498177"
"5856.xml";"{677CA0A1-DEC1-4E0C-9BAA-41D2D15F040A}";"-1.730484 -1.687162 43.382007 43.394736"
"5726.xml";"{679A128F-C9F7-49AA-A1F9-6B8258FCDE57}";"-1.178016 -1.054634 44.699073 44.770540"
"5817.xml";"{68D6AD40-6F86-4AF1-A21A-D135E9BDCF6D}";"-1.765212 -1.536996 43.342069 43.494637"
"5853.xml";"{6BA4A73C-939E-4932-98F7-8F46B0110BFF}";"-1.796599 -1.405557 43.275538 43.530632"
"5690.xml";"{6BAE0CA8-566E-4B8A-9ADB-C718E722D130}";"-1.689370 -0.918579 43.526057 45.572353"
"5927.xml";"{6BDAC14A-9CF1-413B-AEFB-8CD2BC8C7AB8}";"-1.728061 -1.530875 43.339671 43.453125"
"5723.xml";"{6BF000E4-87FE-476B-BD52-5351D74B596D}";"-1.801009 -1.389607 43.296296 43.537375"
"5874.xml";"{6FC9D152-2872-4754-BF40-F5B2AD77150F}";"-1.804975 -1.424515 43.329930 43.572176"
"5883.xml";"{78CB7940-23E5-4022-96DC-2F1A05C5C39F}";"-1.800642 -1.513996 43.371201 43.524645"
"5753.xml";"{7A46DF4B-DF50-4316-8FEC-E82DC2A43F51}";"-1.275192 -0.928935 44.491950 44.862331"
"5876.xml";"{7AFAC669-8F83-4B45-9CD3-E252DC9211B6}";"-1.765482 -1.537211 43.377559 43.494110"
"5799.xml";"{7C994C12-FE96-46BD-8839-FEBF7C47CAEE}";"-1.805535 -1.480520 43.325655 43.581743"
"5768.xml";"{7F16C270-FC8A-471B-B2CC-9F46D103B744}";"-1.803320 -1.413055 43.314629 43.581391"
"5894.xml";"{86387085-2329-4F5D-AEF6-84504600D500}";"REQUIRED: Western-most coordinate of the limit of coverage expressed in longitude. REQUIRED: Eastern-most coordinate of the limit of coverage expressed in longitude. REQUIRED: Southern-most coordinate of the limit of coverage expressed in latitude. REQUIRED: Northern-most coordinate of the limit of coverage expressed in latitude."
"5857.xml";"{897B8E85-88E4-4513-B85E-47D1D4420749}";"-1.800336 -1.511448 43.371224 43.528485"
"5891.xml";"{8D582FFE-1A3F-4B98-8472-E206C6CE4FA0}";"-1.604409 -1.451687 43.425838 43.503056"
"5754.xml";"{90812CF6-CA4D-4EDA-88CD-CD6AA73A2E69}";"-1.804975 -1.424515 43.329930 43.572176"
"5860.xml";"{939E3CD6-EFAF-4655-A622-38B8AEE0869F}";"-1.193582 -1.042828 44.675349 44.766465"
"5730.xml";"{94664589-915F-46A6-8C26-3D540685043B}";"-1.627613 -1.044426 43.570737 45.266359"
"9002.xml";"{9578A111-EDE4-4567-9090-C4BAD0C62726}";"-2.115 1.429 42.782 45.718"
"5888.xml";"{98CF1C9F-7A2B-45DB-9418-0C173771CAC2}";"-1.789814 -1.440687 43.275691 43.489381"
"5750.xml";"{9B60A875-9F3E-4F7D-A1B4-BE259B6D36B2}";"-1.618661 -1.587701 43.410025 43.438475"
"5920.xml";"{9FABD5BE-433B-48A8-9C4F-C0C59D254FC1}";"-1.780591 -1.580656 43.374933 43.462842"
"5657.xml";"{A25B9CCF-00F0-4329-8018-D9BCC8D88AA6}";"-1.767877 -1.532268 43.374877 43.498840"
"5864.xml";"{A85F9A81-05C1-4F65-A19A-49CC68E5FF06}";"-1.786762 -1.430292 43.234297 43.486417"
"5832.xml";"{AE8C4F5F-00BF-4EA9-AE00-00CB592C598A}";"-1.769025 -1.533534 43.332106 43.434305"
"5752.xml";"{AF2FDB7D-7958-4DCE-8D9D-EE7208C4B0F8}";"-1.174366 -1.125025 44.727515 44.767132"
"5735.xml";"{AFC4B471-3FE5-483D-8984-A76CAA8F2F1F}";"-1.330965 -1.137480 44.457593 44.825373"
"5836.xml";"{B8C7AC4B-3E9A-40C3-B704-AF8120D13D50}";"REQUIRED: Western-most coordinate of the limit of coverage expressed in longitude. REQUIRED: Eastern-most coordinate of the limit of coverage expressed in longitude. REQUIRED: Southern-most coordinate of the limit of coverage expressed in latitude. REQUIRED: Northern-most coordinate of the limit of coverage expressed in latitude."
"5930.xml";"{B8F4A526-99B9-49B3-8B1E-D02DF4BC69E2}";"-1.683195 -0.919417 43.529728 45.571821"
"5665.xml";"{B9227FDE-D2FB-4743-B40B-0CAD4ABCEEB9}";"REQUIRED: Western-most coordinate of the limit of coverage expressed in longitude. REQUIRED: Eastern-most coordinate of the limit of coverage expressed in longitude. REQUIRED: Southern-most coordinate of the limit of coverage expressed in latitude. REQUIRED: Northern-most coordinate of the limit of coverage expressed in latitude."
"5759.xml";"{BA583C58-C287-4CE0-B601-A86CD75C63B9}";"-1.956821 -0.921584 43.374253 45.567589"
"5766.xml";"{BA5D3A3E-354E-4AE1-ABB2-31FFBCF6033E}";"-1.660725 -1.041162 43.530428 45.268635"
"5847.xml";"{BAD3B208-ABAD-4626-BFAE-E429E44A800E}";"-1.610242 -1.582225 43.426640 43.449475"
"5877.xml";"{BAD4A585-44D0-422D-80CF-1C59C767109C}";"-1.725438 -0.911569 43.489378 45.573667"
"5835.xml";"{C548DC9F-A310-4760-94FA-6A976F465ED0}";"-1.735112 -1.510176 43.384771 43.528287"
"5899.xml";"{C60033F1-7C17-462B-AC5B-1800D2B7E5CF}";"-1.581286 -1.440343 43.385594 43.504762"
"5791.xml";"{C7A7A594-AE9B-45D7-B857-E03F95365243}";"-1.786943 -1.485343 43.345460 43.501913"
"5695.xml";"{C7F9C0AE-13DC-40A2-A685-A0DF0F6AF878}";"-1.181529 -1.028035 44.671256 44.784489"
"5816.xml";"{C85F9C06-9846-4F03-BF2C-D7DAAD1E1684}";"-1.271710 -0.933136 44.547888 44.828563"
"5756.xml";"{C95EB260-7B4D-4CA7-BA0F-BFB719AB85F0}";"-1.800440 -1.440559 43.280048 43.540266"
"5867.xml";"{CA061876-252F-4E7B-9A31-E380242C1A29}";"-1.805984 -1.507576 43.356931 43.532283"
"5849.xml";"{D0ADF9A9-8BB6-4CDA-99CF-00BE8307B0E7}";"-1.776673 -1.482431 43.324352 43.436875"
"5785.xml";"{D30DF4A6-A3E8-4C1C-A525-2513C1C2D506}";"-1.798665 -1.509966 43.368315 43.527574"
"5763.xml";"{D3E5C72A-10DB-4859-A4D9-792E5B1873BE}";"-1.802336 -1.543556 43.359777 43.491345"
"5827.xml";"{D9126F84-608F-4919-A783-985D8EC75F99}";"-1.800642 -1.513996 43.371201 43.524645"
"5711.xml";"{DA75903F-7C71-47FD-91A5-DEA7EB1CF34B}";"-1.732730 -1.686721 43.380014 43.394415"
"5725.xml";"{E2415900-0D96-4ACE-94BA-2FB3C481833A}";"-1.799112 -1.514499 43.373496 43.524615"
"5732.xml";"{E89C5D08-EA4B-45CC-988D-29B03543AFE5}";"-1.717548 -1.586114 43.382370 43.442749"
"5712.xml";"{E9F21726-060B-44B5-AE73-79B878DB277A}";"-1.252605 -1.156356 44.605521 44.675966"
"5761.xml";"{EA5CA3C9-9748-4CBE-B492-194AA7700482}";"-1.262160 -1.017627 44.605390 44.770120"
"5917.xml";"{EEB71B7B-F4FC-4D17-A0AE-51BABCD50B74}";"-1.762636 -1.534680 43.378547 43.498132"
"5697.xml";"{F05F0392-8592-4271-890B-4DE7EC6C8967}";"-1.790996 -1.440681 43.275690 43.503154"
"5724.xml";"{F17408C9-02ED-4743-8340-ED171C9E8061}";"-1.766253 -1.544513 43.376864 43.493863"
"5707.xml";"{F2A96327-06EA-443C-B66E-F6F87C0BE258}";"-1.768272 -1.490921 43.340040 43.499850"
"5908.xml";"{F3F0681A-C0E9-47F3-8E70-9081DF557409}";"-1.804975 -1.424515 43.329930 43.572176"
"5790.xml";"{F56B2A3C-BA40-4DA9-BCB5-538894506612}";"-1.684885 -1.602595 43.388360 43.430368"
"5715.xml";"{F67006BE-0FFE-4B79-9727-8993535D81A6}";"-1.781335 -0.900751 43.468686 45.574024"
"5910.xml";"{FBA02380-9C38-4A63-BEAF-0E7A35DF5323}";"-1.798899 -1.511440 43.371237 43.527703"
"5783.xml";"{FE0EBCDF-6F49-4855-85CB-EF27FFB30A6C}";"-1.618439 -1.615332 43.422571 43.424884"
"5903.xml";"{FFADEBCD-B386-4E4B-B09C-68E8E90DE611}";"-1.833836 -1.463264 43.311421 43.539885"
