<?xml version="1.0" encoding="UTF-8"?>

<gmd:MD_Metadata xmlns:gmd="http://www.isotc211.org/2005/gmd" xmlns:xsi="http://www.w3.org/2001/XMLSchema-instance" xmlns:fra="http://www.cnig.gouv.fr/2005/fra" xmlns:gco="http://www.isotc211.org/2005/gco" xmlns:gts="http://www.isotc211.org/2005/gts" xmlns:gml="http://www.opengis.net/gml" xmlns:gmx="http://www.isotc211.org/2005/gmx" xmlns:xlink="http://www.w3.org/1999/xlink" xmlns:geonet="http://www.fao.org/geonetwork">
  <gmd:fileIdentifier>
    <gco:CharacterString>23fc4deb-f4dc-4f84-a702-f56c231df30c</gco:CharacterString>
  </gmd:fileIdentifier>
  <gmd:language>
    <gco:CharacterString>fre</gco:CharacterString>
  </gmd:language>
  <gmd:characterSet>
    <gmd:MD_CharacterSetCode codeList="http://standards.iso.org/ittf/PubliclyAvailableStandards/ISO_19139_Schemas/resources/Codelist/ML_gmxCodelists.xml#MD_CharacterSetCode" codeListValue="utf8" />
  </gmd:characterSet>
  <gmd:parentIdentifier>
    <gco:CharacterString>d7bd61a2-a738-4808-9b8b-794b68e55b39</gco:CharacterString>
  </gmd:parentIdentifier>
  <gmd:hierarchyLevel>
    <gmd:MD_ScopeCode codeList="http://standards.iso.org/ittf/PubliclyAvailableStandards/ISO_19139_Schemas/resources/Codelist/ML_gmxCodelists.xml#MD_ScopeCode" codeListValue="dataset" />
  </gmd:hierarchyLevel>
  <gmd:hierarchyLevelName>
    <gco:CharacterString>fiche mère</gco:CharacterString>
  </gmd:hierarchyLevelName>
  <gmd:contact xmlns:gmi="http://www.isotc211.org/2005/gmi" xmlns:srv="http://www.isotc211.org/2005/srv" xmlns:gfc="http://www.isotc211.org/2005/gfc" xmlns:gss="http://www.isotc211.org/2005/gss" xmlns:gsr="http://www.isotc211.org/2005/gsr">
    <gmd:CI_ResponsibleParty>
      <gmd:individualName>
        <gco:CharacterString>Linarès Sébastien</gco:CharacterString>
      </gmd:individualName>
      <gmd:organisationName>
        <gco:CharacterString>DEAL Guyane</gco:CharacterString>
      </gmd:organisationName>
      <gmd:positionName>
        <gco:CharacterString>Service planification connaissance et évaluation, unité information géographique, diffusion de la connaissance</gco:CharacterString>
      </gmd:positionName>
      <gmd:contactInfo>
        <gmd:CI_Contact>
          <gmd:phone>
            <gmd:CI_Telephone>
              <gmd:voice>
                <gco:CharacterString>05.94.29.80.25</gco:CharacterString>
              </gmd:voice>
              <gmd:facsimile>
                <gco:CharacterString />
              </gmd:facsimile>
            </gmd:CI_Telephone>
          </gmd:phone>
          <gmd:address>
            <gmd:CI_Address>
              <gmd:deliveryPoint>
                <gco:CharacterString>6 rue Carlos Fineley, Point Buzaré, CS 76003</gco:CharacterString>
              </gmd:deliveryPoint>
              <gmd:city>
                <gco:CharacterString>CAYENNE</gco:CharacterString>
              </gmd:city>
              <gmd:administrativeArea>
                <gco:CharacterString />
              </gmd:administrativeArea>
              <gmd:postalCode>
                <gco:CharacterString>97306</gco:CharacterString>
              </gmd:postalCode>
              <gmd:country>
                <gco:CharacterString>Guyane française</gco:CharacterString>
              </gmd:country>
              <gmd:electronicMailAddress>
                <gco:CharacterString>infogeo-deal.guyane@developpement-durable.gouv.fr</gco:CharacterString>
              </gmd:electronicMailAddress>
            </gmd:CI_Address>
          </gmd:address>
        </gmd:CI_Contact>
      </gmd:contactInfo>
      <gmd:role>
        <gmd:CI_RoleCode codeList="" codeListValue="pointOfContact" />
      </gmd:role>
    </gmd:CI_ResponsibleParty>
  </gmd:contact>
  <gmd:dateStamp>
    <gco:DateTime>2015-07-02T15:53:45</gco:DateTime>
  </gmd:dateStamp>
  <gmd:metadataStandardName>
    <gco:CharacterString>ISO 19115:2003/19139</gco:CharacterString>
  </gmd:metadataStandardName>
  <gmd:metadataStandardVersion>
    <gco:CharacterString>1.0</gco:CharacterString>
  </gmd:metadataStandardVersion>
  <gmd:referenceSystemInfo>
    <gmd:MD_ReferenceSystem>
      <gmd:referenceSystemIdentifier>
        <gmd:RS_Identifier>
          <gmd:code>
            <gco:CharacterString>RGFG95 / UTM zone 22N (EPSG:2972)</gco:CharacterString>
          </gmd:code>
          <gmd:codeSpace>
            <gco:CharacterString>EPSG</gco:CharacterString>
          </gmd:codeSpace>
          <gmd:version>
            <gco:CharacterString>7.9</gco:CharacterString>
          </gmd:version>
        </gmd:RS_Identifier>
      </gmd:referenceSystemIdentifier>
    </gmd:MD_ReferenceSystem>
  </gmd:referenceSystemInfo>
  <gmd:identificationInfo>
    <gmd:MD_DataIdentification>
      <gmd:citation>
        <gmd:CI_Citation>
          <gmd:title>
            <gco:CharacterString>PPRT, Plans de prévention des risques technologiques de Guyane</gco:CharacterString>
          </gmd:title>
          <gmd:date>
            <gmd:CI_Date>
              <gmd:date>
                <gco:DateTime>2015-07-02T15:37:00</gco:DateTime>
              </gmd:date>
              <gmd:dateType>
                <gmd:CI_DateTypeCode codeList="http://standards.iso.org/ittf/PubliclyAvailableStandards/ISO_19139_Schemas/resources/Codelist/ML_gmxCodelists.xml#CI_DateTypeCode" codeListValue="revision" />
              </gmd:dateType>
            </gmd:CI_Date>
          </gmd:date>
          <gmd:date>
            <gmd:CI_Date>
              <gmd:date>
                <gco:DateTime>2015-04-17T15:24:00</gco:DateTime>
              </gmd:date>
              <gmd:dateType>
                <gmd:CI_DateTypeCode codeList="http://standards.iso.org/ittf/PubliclyAvailableStandards/ISO_19139_Schemas/resources/Codelist/ML_gmxCodelists.xml#CI_DateTypeCode" codeListValue="publication" />
              </gmd:dateType>
            </gmd:CI_Date>
          </gmd:date>
          <gmd:identifier>
            <gmd:MD_Identifier>
              <gmd:code>
                <gco:CharacterString>http://catalogue.geoguyane.fr/geonetwork/srv/23fc4deb-f4dc-4f84-a702-f56c231df30c</gco:CharacterString>
              </gmd:code>
            </gmd:MD_Identifier>
          </gmd:identifier>
        </gmd:CI_Citation>
      </gmd:citation>
      <gmd:abstract>
        <gco:CharacterString>Les plans de prévention des risques (PPR) ont été institués par la loi du 2 février 1995 relative au renforcement de la protection de l'environnement. Ils constituent l'instrument essentiel de l'État en matière de prévention des risques. Leur objectif est le contrôle du développement dans les zones exposées à un risque majeur.
Les PPR sont approuvés par le préfet et réalisés par la direction de l'environnement de l'aménagement et du logement (DEAL). Ces plans réglementent l'occupation du sol ou son usage par des interdictions de construire ou des prescriptions sur les bâtiments existants ou futurs (dispositions constructives, travaux de réduction de la vulnérabilité, restrictions d'usage ou de pratiques agricoles...).
Ces plans peuvent être en cours d'élaboration (prescrit), appliqués par anticipation ou approuvés.
Le dossier de PPR contient une note de présentation, un plan de zonage réglementaire et un règlement. Peuvent être joints d'autres documents graphiques utiles à la compréhension de la démarche (aléas, enjeux...). Chaque PPR est repéré par un polygone qui correspond à l'ensemble de communes concernées du périmètre de prescription lorsqu'il est à l'état prescrit ; et l'enveloppe des zones réglementées lorsqu'il est à l'état approuvé. Cette table géographique permet de cartographier les PPRT existant sur le département.</gco:CharacterString>
      </gmd:abstract>
      <gmd:pointOfContact xmlns:gmi="http://www.isotc211.org/2005/gmi" xmlns:srv="http://www.isotc211.org/2005/srv" xmlns:gfc="http://www.isotc211.org/2005/gfc" xmlns:gss="http://www.isotc211.org/2005/gss" xmlns:gsr="http://www.isotc211.org/2005/gsr">
        <gmd:CI_ResponsibleParty>
          <gmd:individualName>
            <gco:CharacterString>Chef de l'unité risques accidentels</gco:CharacterString>
          </gmd:individualName>
          <gmd:organisationName>
            <gco:CharacterString>DEAL Guyane</gco:CharacterString>
          </gmd:organisationName>
          <gmd:positionName>
            <gco:CharacterString>Service risques, énergie, mines et déchets - Unité risques accidentels</gco:CharacterString>
          </gmd:positionName>
          <gmd:contactInfo>
            <gmd:CI_Contact>
              <gmd:phone>
                <gmd:CI_Telephone>
                  <gmd:voice>
                    <gco:CharacterString>05 94 29 64 36</gco:CharacterString>
                  </gmd:voice>
                  <gmd:facsimile>
                    <gco:CharacterString />
                  </gmd:facsimile>
                </gmd:CI_Telephone>
              </gmd:phone>
              <gmd:address>
                <gmd:CI_Address>
                  <gmd:deliveryPoint>
                    <gco:CharacterString>6 rue Carlos Fineley, pointe Buzaré, CS 76003</gco:CharacterString>
                  </gmd:deliveryPoint>
                  <gmd:city>
                    <gco:CharacterString>CAYENNE</gco:CharacterString>
                  </gmd:city>
                  <gmd:administrativeArea>
                    <gco:CharacterString />
                  </gmd:administrativeArea>
                  <gmd:postalCode>
                    <gco:CharacterString>97306</gco:CharacterString>
                  </gmd:postalCode>
                  <gmd:country>
                    <gco:CharacterString>Guyane française</gco:CharacterString>
                  </gmd:country>
                  <gmd:electronicMailAddress>
                    <gco:CharacterString>remd.deal-guyane@developpement-durable.gouv.fr</gco:CharacterString>
                  </gmd:electronicMailAddress>
                </gmd:CI_Address>
              </gmd:address>
            </gmd:CI_Contact>
          </gmd:contactInfo>
          <gmd:role>
            <gmd:CI_RoleCode codeList="" codeListValue="pointOfContact" />
          </gmd:role>
        </gmd:CI_ResponsibleParty>
      </gmd:pointOfContact>
      <gmd:descriptiveKeywords>
        <gmd:MD_Keywords xmlns:srv="http://www.isotc211.org/2005/srv">
          <gmd:keyword>
            <gco:CharacterString>GUYANE</gco:CharacterString>
          </gmd:keyword>
          <gmd:type>
            <gmd:MD_KeywordTypeCode codeList="http://www.isotc211.org/2005/resources/codeList.xml#MD_KeywordTypeCode" codeListValue="place" />
          </gmd:type>
          <gmd:thesaurusName>
            <gmd:CI_Citation>
              <gmd:title>
                <gco:CharacterString>Régions de France</gco:CharacterString>
              </gmd:title>
              <gmd:date>
                <gmd:CI_Date>
                  <gmd:date>
                    <gco:Date>2006-09-22</gco:Date>
                  </gmd:date>
                  <gmd:dateType>
                    <gmd:CI_DateTypeCode codeList="http://standards.iso.org/ittf/PubliclyAvailableStandards/ISO_19139_Schemas/resources/Codelist/ML_gmxCodelists.xml#CI_DateTypeCode" codeListValue="publication" />
                  </gmd:dateType>
                </gmd:CI_Date>
              </gmd:date>
              <gmd:identifier>
                <gmd:MD_Identifier>
                  <gmd:code>
                    <gmx:Anchor xlink:href="http://www.geoguyane.fr/geonetwork/srv/fre/thesaurus.download?ref=external.place.RegionFR">geonetwork.thesaurus.external.place.RegionFR</gmx:Anchor>
                  </gmd:code>
                </gmd:MD_Identifier>
              </gmd:identifier>
            </gmd:CI_Citation>
          </gmd:thesaurusName>
        </gmd:MD_Keywords>
      </gmd:descriptiveKeywords>
      <gmd:descriptiveKeywords>
        <gmd:MD_Keywords xmlns:srv="http://www.isotc211.org/2005/srv">
          <gmd:keyword>
            <gco:CharacterString>Zones de gestion, de restriction ou de réglementation et unités de déclaration</gco:CharacterString>
          </gmd:keyword>
          <gmd:keyword>
            <gco:CharacterString>Lieux de production et sites industriels</gco:CharacterString>
          </gmd:keyword>
          <gmd:type>
            <gmd:MD_KeywordTypeCode codeList="http://standards.iso.org/ittf/PubliclyAvailableStandards/ISO_19139_Schemas/resources/Codelist/ML_gmxCodelists.xml#MD_KeywordTypeCode" codeListValue="theme" />
          </gmd:type>
          <gmd:thesaurusName>
            <gmd:CI_Citation>
              <gmd:title>
                <gco:CharacterString>INSPIRE inspires</gco:CharacterString>
              </gmd:title>
              <gmd:date>
                <gmd:CI_Date>
                  <gmd:date>
                    <gco:DateTime>2015-01-28T17:57:42</gco:DateTime>
                  </gmd:date>
                  <gmd:dateType>
                    <gmd:CI_DateTypeCode codeList="http://standards.iso.org/ittf/PubliclyAvailableStandards/ISO_19139_Schemas/resources/Codelist/ML_gmxCodelists.xml#CI_DateTypeCode" codeListValue="publication" />
                  </gmd:dateType>
                </gmd:CI_Date>
              </gmd:date>
              <gmd:identifier>
                <gmd:MD_Identifier>
                  <gmd:code>
                    <gco:CharacterString>geonetwork.thesaurus.external.theme.inspire</gco:CharacterString>
                  </gmd:code>
                </gmd:MD_Identifier>
              </gmd:identifier>
            </gmd:CI_Citation>
          </gmd:thesaurusName>
        </gmd:MD_Keywords>
      </gmd:descriptiveKeywords>
      <gmd:descriptiveKeywords>
        <gmd:MD_Keywords>
          <gmd:keyword>
            <gco:CharacterString>RISQUES</gco:CharacterString>
          </gmd:keyword>
          <gmd:keyword>
            <gco:CharacterString>ZONAGES_RISQUE_TECHNOLOGIQUE</gco:CharacterString>
          </gmd:keyword>
          <gmd:type>
            <gmd:MD_KeywordTypeCode codeList="http://www.isotc211.org/2005/resources/codeList.xml#MD_KeywordTypeCode" codeListValue="theme" />
          </gmd:type>
        </gmd:MD_Keywords>
      </gmd:descriptiveKeywords>
      <gmd:descriptiveKeywords>
        <gmd:MD_Keywords>
          <gmd:keyword>
            <gco:CharacterString>GUYANE</gco:CharacterString>
          </gmd:keyword>
          <gmd:keyword>
            <gco:CharacterString>DEAL</gco:CharacterString>
          </gmd:keyword>
          <gmd:type>
            <gmd:MD_KeywordTypeCode codeList="http://www.isotc211.org/2005/resources/codeList.xml#MD_KeywordTypeCode" codeListValue="theme" />
          </gmd:type>
        </gmd:MD_Keywords>
      </gmd:descriptiveKeywords>
      <gmd:descriptiveKeywords>
        <gmd:MD_Keywords>
          <gmd:keyword>
            <gco:CharacterString>NIVEAU_DE_DIFFUSION</gco:CharacterString>
          </gmd:keyword>
          <gmd:keyword>
            <gco:CharacterString>GRAND_PUBLIC</gco:CharacterString>
          </gmd:keyword>
          <gmd:type>
            <gmd:MD_KeywordTypeCode codeList="http://www.isotc211.org/2005/resources/codeList.xml#MD_KeywordTypeCode" codeListValue="theme" />
          </gmd:type>
        </gmd:MD_Keywords>
      </gmd:descriptiveKeywords>
      <gmd:resourceConstraints>
        <gmd:MD_LegalConstraints>
          <gmd:useLimitation>
            <gco:CharacterString>Les données relatives aux plans de prévention des risques sont des documents administratifs sur lesquels le public dispose d'un droit d'accès. Ces données sont réutilisables sans restriction par le public. 
Toute production issue d'une réutilisation de ces données doit mentionner le nom de l'organisme fournisseur (DEAL Guyane).</gco:CharacterString>
          </gmd:useLimitation>
          <gmd:accessConstraints>
            <gmd:MD_RestrictionCode codeList="http://standards.iso.org/ittf/PubliclyAvailableStandards/ISO_19139_Schemas/resources/Codelist/ML_gmxCodelists.xml#MD_RestrictionCode" codeListValue="otherRestrictions" />
          </gmd:accessConstraints>
          <gmd:useConstraints>
            <gmd:MD_RestrictionCode codeList="http://standards.iso.org/ittf/PubliclyAvailableStandards/ISO_19139_Schemas/resources/Codelist/ML_gmxCodelists.xml#MD_RestrictionCode" codeListValue="copyright" />
          </gmd:useConstraints>
          <gmd:otherConstraints>
            <gco:CharacterString>Pas de restriction d’accès public selon INSPIRE</gco:CharacterString>
          </gmd:otherConstraints>
        </gmd:MD_LegalConstraints>
      </gmd:resourceConstraints>
      <gmd:resourceConstraints>
        <gmd:MD_SecurityConstraints>
          <gmd:classification>
            <gmd:MD_ClassificationCode codeList="http://standards.iso.org/ittf/PubliclyAvailableStandards/ISO_19139_Schemas/resources/Codelist/ML_gmxCodelists.xml#MD_ClassificationCode" codeListValue="unclassified" />
          </gmd:classification>
          <gmd:userNote gco:nilReason="missing">
            <gco:CharacterString />
          </gmd:userNote>
        </gmd:MD_SecurityConstraints>
      </gmd:resourceConstraints>
      <gmd:spatialRepresentationType>
        <gmd:MD_SpatialRepresentationTypeCode codeList="http://standards.iso.org/ittf/PubliclyAvailableStandards/ISO_19139_Schemas/resources/Codelist/ML_gmxCodelists.xml#MD_SpatialRepresentationTypeCode" codeListValue="vector" />
      </gmd:spatialRepresentationType>
      <gmd:spatialResolution>
        <gmd:MD_Resolution>
          <gmd:equivalentScale>
            <gmd:MD_RepresentativeFraction>
              <gmd:denominator>
                <gco:Integer>5000</gco:Integer>
              </gmd:denominator>
            </gmd:MD_RepresentativeFraction>
          </gmd:equivalentScale>
        </gmd:MD_Resolution>
      </gmd:spatialResolution>
      <gmd:language>
        <gco:CharacterString>fre</gco:CharacterString>
      </gmd:language>
      <gmd:characterSet>
        <gmd:MD_CharacterSetCode codeList="http://standards.iso.org/ittf/PubliclyAvailableStandards/ISO_19139_Schemas/resources/Codelist/ML_gmxCodelists.xml#MD_CharacterSetCode" codeListValue="utf8" />
      </gmd:characterSet>
      <gmd:topicCategory>
        <gmd:MD_TopicCategoryCode>planningCadastre</gmd:MD_TopicCategoryCode>
      </gmd:topicCategory>
      <gmd:extent>
        <gmd:EX_Extent>
          <gmd:description>
            <gco:CharacterString>Guyane française. En 2015 les PPRT ont été mis en oeuvre sur les communes de Kourou, Sinnamary et Rémire Montjoly.</gco:CharacterString>
          </gmd:description>
          <gmd:geographicElement>
            <gmd:EX_GeographicBoundingBox>
              <gmd:westBoundLongitude>
                <gco:Decimal>-54.60378</gco:Decimal>
              </gmd:westBoundLongitude>
              <gmd:eastBoundLongitude>
                <gco:Decimal>-51.64806</gco:Decimal>
              </gmd:eastBoundLongitude>
              <gmd:southBoundLatitude>
                <gco:Decimal>2.11347</gco:Decimal>
              </gmd:southBoundLatitude>
              <gmd:northBoundLatitude>
                <gco:Decimal>5.75542</gco:Decimal>
              </gmd:northBoundLatitude>
            </gmd:EX_GeographicBoundingBox>
          </gmd:geographicElement>
        </gmd:EX_Extent>
      </gmd:extent>
      <gmd:supplementalInformation gco:nilReason="missing">
        <gco:CharacterString />
      </gmd:supplementalInformation>
      <gmd:graphicOverview>
        <gmd:MD_BrowseGraphic>
          <gmd:fileName>
            <gco:CharacterString>92007_large_87579.png</gco:CharacterString>
          </gmd:fileName>
          <gmd:fileDescription>
            <gco:CharacterString>large_thumbnail</gco:CharacterString>
          </gmd:fileDescription>
          <gmd:fileType>
            <gco:CharacterString>png</gco:CharacterString>
          </gmd:fileType>
        </gmd:MD_BrowseGraphic>
      </gmd:graphicOverview>
      <gmd:graphicOverview>
        <gmd:MD_BrowseGraphic>
          <gmd:fileName>
            <gco:CharacterString>92007_small_53079.png</gco:CharacterString>
          </gmd:fileName>
          <gmd:fileDescription>
            <gco:CharacterString>thumbnail</gco:CharacterString>
          </gmd:fileDescription>
          <gmd:fileType>
            <gco:CharacterString>png</gco:CharacterString>
          </gmd:fileType>
        </gmd:MD_BrowseGraphic>
      </gmd:graphicOverview>
    </gmd:MD_DataIdentification>
  </gmd:identificationInfo>
  <gmd:contentInfo xmlns:srv="http://www.isotc211.org/2005/srv" xmlns:date="http://exslt.org/dates-and-times">
    <gmd:MD_FeatureCatalogueDescription>
      <gmd:includedWithDataset />
      <gmd:featureCatalogueCitation uuidref="2a68601f-6063-4b8a-856a-9ccce3e6b41d" xlink:href="http://catalogue.geoguyane.fr/geonetwork/srv/fre/csw?service=CSW&amp;request=GetRecordById&amp;version=2.0.2&amp;outputSchema=http://www.isotc211.org/2005/gmd&amp;elementSetName=full&amp;id=2a68601f-6063-4b8a-856a-9ccce3e6b41d" />
    </gmd:MD_FeatureCatalogueDescription>
  </gmd:contentInfo>
  <gmd:distributionInfo>
    <gmd:MD_Distribution>
      <gmd:distributionFormat>
        <gmd:MD_Format>
          <gmd:name>
            <gco:CharacterString>ZIP</gco:CharacterString>
          </gmd:name>
          <gmd:version>
            <gco:CharacterString>1</gco:CharacterString>
          </gmd:version>
        </gmd:MD_Format>
      </gmd:distributionFormat>
      <gmd:transferOptions>
        <gmd:MD_DigitalTransferOptions>
          <gmd:onLine>
            <gmd:CI_OnlineResource>
              <gmd:linkage>
                <gmd:URL>http://www.geoguyane.fr/PRRA/panierDownloadFrontal_parametrage.php?LAYERIDTS=92007</gmd:URL>
              </gmd:linkage>
              <gmd:protocol>
                <gco:CharacterString>WWW:DOWNLOAD-1.0-http--download</gco:CharacterString>
              </gmd:protocol>
            </gmd:CI_OnlineResource>
          </gmd:onLine>
          <gmd:onLine>
            <gmd:CI_OnlineResource>
              <gmd:linkage>
                <gmd:URL>http://carto.geoguyane.fr/cgi-bin/mapservwfs?</gmd:URL>
              </gmd:linkage>
              <gmd:protocol>
                <gco:CharacterString>OGC:WFS-1.0.0-http-get-capabilities</gco:CharacterString>
              </gmd:protocol>
              <gmd:name>
                <gco:CharacterString>PPRTPlansdepreventiondesrisque</gco:CharacterString>
              </gmd:name>
            </gmd:CI_OnlineResource>
          </gmd:onLine>
        </gmd:MD_DigitalTransferOptions>
      </gmd:transferOptions>
      <gmd:transferOptions>
        <gmd:MD_DigitalTransferOptions>
          <gmd:onLine>
            <gmd:CI_OnlineResource>
              <gmd:linkage>
                <gmd:URL>http://catalogue.geoguyane.fr/PRRA/atomfeed/atomdataset.php?uuid=23fc4deb-f4dc-4f84-a702-f56c231df30c</gmd:URL>
              </gmd:linkage>
              <gmd:protocol>
                <gco:CharacterString>WWW:LINK-1.0-http--link</gco:CharacterString>
              </gmd:protocol>
              <gmd:name>
                <gco:CharacterString>Téléchargement direct des données</gco:CharacterString>
              </gmd:name>
            </gmd:CI_OnlineResource>
          </gmd:onLine>
        </gmd:MD_DigitalTransferOptions>
      </gmd:transferOptions>
    </gmd:MD_Distribution>
  </gmd:distributionInfo>
  <gmd:dataQualityInfo>
    <gmd:DQ_DataQuality>
      <gmd:scope>
        <gmd:DQ_Scope>
          <gmd:level>
            <gmd:MD_ScopeCode codeList="http://standards.iso.org/ittf/PubliclyAvailableStandards/ISO_19139_Schemas/resources/Codelist/ML_gmxCodelists.xml#MD_ScopeCode" codeListValue="dataset" />
          </gmd:level>
        </gmd:DQ_Scope>
      </gmd:scope>
      <gmd:lineage>
        <gmd:LI_Lineage>
          <gmd:statement>
            <gco:CharacterString>Cette table est rendue géométrique en utilisant le périmètre IAL (périmètre de prescription quand le PPRT est prescrit ou périmètre réglementé quand le PPRT est approuvé).
La géométrie du périmètre prescrit d'un PPRT est fournie par l'arrêté préfectoral de prescription de ce PPRT.
La géométrie du périmètre réglementé d'un PPR se construit par l'agrégation géométrique des polygones représentant les zones réglementées par le PPR.

Source du géoréférencement : Les PPRT sont principalement établis sur la base du référentiel cadastral PCI (DGFIP) et de la BD TOPO (IGN).
Source thématique : liste des PPRT prescrits et approuvés par le préfet établie à partir des informations existantes dans l'application GASPAR de suivi des procédures PPRT.</gco:CharacterString>
          </gmd:statement>
        </gmd:LI_Lineage>
      </gmd:lineage>
    </gmd:DQ_DataQuality>
  </gmd:dataQualityInfo>
</gmd:MD_Metadata>