<?xml version="1.0" encoding="UTF-8"?>

<gmd:MD_Metadata xmlns:gmd="http://www.isotc211.org/2005/gmd" xmlns:xsi="http://www.w3.org/2001/XMLSchema-instance" xmlns:gco="http://www.isotc211.org/2005/gco" xmlns:gts="http://www.isotc211.org/2005/gts" xmlns:gml="http://www.opengis.net/gml" xmlns:gfc="http://www.isotc211.org/2005/gfc" xmlns:gmx="http://www.isotc211.org/2005/gmx" xmlns:xlink="http://www.w3.org/1999/xlink" xmlns:srv="http://www.isotc211.org/2005/srv" xmlns:geonet="http://www.fao.org/geonetwork">
  <gmd:fileIdentifier>
    <gco:CharacterString>527d0eeb-bb62-4ac5-9d7e-75108eb257fe</gco:CharacterString>
  </gmd:fileIdentifier>
  <gmd:language>
    <gco:CharacterString>fre</gco:CharacterString>
  </gmd:language>
  <gmd:characterSet>
    <gmd:MD_CharacterSetCode codeList="http://standards.iso.org/ittf/PubliclyAvailableStandards/ISO_19139_Schemas/resources/codelist/ML_gmxCodelists.xml#MD_CharacterSetCode" codeListValue="utf8" />
  </gmd:characterSet>
  <gmd:hierarchyLevel>
    <gmd:MD_ScopeCode codeList="http://standards.iso.org/ittf/PubliclyAvailableStandards/ISO_19139_Schemas/resources/codelist/ML_gmxCodelists.xml#MD_ScopeCode" codeListValue="service" />
  </gmd:hierarchyLevel>
  <gmd:hierarchyLevelName>
    <gco:CharacterString>service</gco:CharacterString>
  </gmd:hierarchyLevelName>
  <gmd:contact>
    <gmd:CI_ResponsibleParty>
      <gmd:individualName>
        <gco:CharacterString>REQUILLART Thomas</gco:CharacterString>
      </gmd:individualName>
      <gmd:organisationName>
        <gco:CharacterString>DAAF de Guyane</gco:CharacterString>
      </gmd:organisationName>
      <gmd:positionName gco:nilReason="missing">
        <gco:CharacterString />
      </gmd:positionName>
      <gmd:contactInfo>
        <gmd:CI_Contact>
          <gmd:phone>
            <gmd:CI_Telephone>
              <gmd:voice gco:nilReason="missing">
                <gco:CharacterString />
              </gmd:voice>
              <gmd:facsimile gco:nilReason="missing">
                <gco:CharacterString />
              </gmd:facsimile>
            </gmd:CI_Telephone>
          </gmd:phone>
          <gmd:address>
            <gmd:CI_Address>
              <gmd:deliveryPoint gco:nilReason="missing">
                <gco:CharacterString />
              </gmd:deliveryPoint>
              <gmd:city gco:nilReason="missing">
                <gco:CharacterString />
              </gmd:city>
              <gmd:administrativeArea gco:nilReason="missing">
                <gco:CharacterString />
              </gmd:administrativeArea>
              <gmd:postalCode gco:nilReason="missing">
                <gco:CharacterString />
              </gmd:postalCode>
              <gmd:country gco:nilReason="missing">
                <gco:CharacterString />
              </gmd:country>
              <gmd:electronicMailAddress>
                <gco:CharacterString>sig.daaf973@agriculture.gouv.fr</gco:CharacterString>
              </gmd:electronicMailAddress>
            </gmd:CI_Address>
          </gmd:address>
        </gmd:CI_Contact>
      </gmd:contactInfo>
      <gmd:role>
        <gmd:CI_RoleCode codeList="http://standards.iso.org/ittf/PubliclyAvailableStandards/ISO_19139_Schemas/resources/codelist/ML_gmxCodelists.xml#CI_RoleCode" codeListValue="pointOfContact" />
      </gmd:role>
    </gmd:CI_ResponsibleParty>
  </gmd:contact>
  <gmd:dateStamp>
    <gco:DateTime>2016-01-20T18:39:04</gco:DateTime>
  </gmd:dateStamp>
  <gmd:metadataStandardName>
    <gco:CharacterString>ISO 19115:2003/19139</gco:CharacterString>
  </gmd:metadataStandardName>
  <gmd:metadataStandardVersion>
    <gco:CharacterString>1.0</gco:CharacterString>
  </gmd:metadataStandardVersion>
  <gmd:referenceSystemInfo>
    <gmd:MD_ReferenceSystem>
      <gmd:referenceSystemIdentifier>
        <gmd:RS_Identifier>
          <gmd:code>
            <gco:CharacterString>RGFG95 / UTM zone 22N (EPSG:2972)</gco:CharacterString>
          </gmd:code>
          <gmd:codeSpace>
            <gco:CharacterString>EPSG</gco:CharacterString>
          </gmd:codeSpace>
          <gmd:version>
            <gco:CharacterString>7.9</gco:CharacterString>
          </gmd:version>
        </gmd:RS_Identifier>
      </gmd:referenceSystemIdentifier>
    </gmd:MD_ReferenceSystem>
  </gmd:referenceSystemInfo>
  <gmd:identificationInfo>
    <srv:SV_ServiceIdentification>
      <srv:containsOperations>
        <srv:SV_OperationMetadata>
          <srv:operationName>
            <gco:CharacterString>Accès à la métadonnée de service WMS</gco:CharacterString>
          </srv:operationName>
          <srv:DCP>
            <srv:DCPList codeList="http://www.isotc211.org/2005/iso19119/resources/Codelist/gmxCodelists.xml#DCPList" codeListValue="WebServices" />
          </srv:DCP>
        </srv:SV_OperationMetadata>
      </srv:containsOperations>
      <gmd:citation>
        <gmd:CI_Citation>
          <gmd:title>
            <gco:CharacterString>Registre Parcellaire Graphique 2014 îlots et culture dominante</gco:CharacterString>
          </gmd:title>
          <gmd:date>
            <gmd:CI_Date>
              <gmd:date>
                <gco:DateTime>2015-12-03T15:15:00</gco:DateTime>
              </gmd:date>
              <gmd:dateType>
                <gmd:CI_DateTypeCode codeList="http://standards.iso.org/ittf/PubliclyAvailableStandards/ISO_19139_Schemas/resources/codelist/ML_gmxCodelists.xml#CI_DateTypeCode" codeListValue="publication" />
              </gmd:dateType>
            </gmd:CI_Date>
          </gmd:date>
          <gmd:date xmlns:gn="http://www.fao.org/geonetwork">
            <gmd:CI_Date>
              <gmd:date>
                <gco:DateTime>2015-12-03T15:00:00</gco:DateTime>
              </gmd:date>
              <gmd:dateType>
                <gmd:CI_DateTypeCode codeList="http://standards.iso.org/ittf/PubliclyAvailableStandards/ISO_19139_Schemas/resources/codelist/ML_gmxCodelists.xml#CI_DateTypeCode" codeListValue="creation" />
              </gmd:dateType>
            </gmd:CI_Date>
          </gmd:date>
          <gmd:identifier>
            <gmd:MD_Identifier>
              <gmd:code>
                <gco:CharacterString>http://www.geoguyane.fr/geonetwork/srv/527d0eeb-bb62-4ac5-9d7e-75108eb257fe</gco:CharacterString>
              </gmd:code>
            </gmd:MD_Identifier>
          </gmd:identifier>
        </gmd:CI_Citation>
      </gmd:citation>
      <gmd:abstract>
        <gco:CharacterString>Registre Parcellaire Graphique (RPG) anonymisé des agriculteurs déclarants bénéficiaire d'aides directes dans le cadre de la politique agricole commune (PAC). îlots et culture dominante</gco:CharacterString>
      </gmd:abstract>
      <gmd:pointOfContact>
        <gmd:CI_ResponsibleParty>
          <gmd:individualName>
            <gco:CharacterString>REQUILLART Thomas</gco:CharacterString>
          </gmd:individualName>
          <gmd:organisationName>
            <gco:CharacterString>DAAF de Guyane</gco:CharacterString>
          </gmd:organisationName>
          <gmd:contactInfo>
            <gmd:CI_Contact>
              <gmd:phone>
                <gmd:CI_Telephone>
                  <gmd:voice gco:nilReason="missing">
                    <gco:CharacterString />
                  </gmd:voice>
                </gmd:CI_Telephone>
              </gmd:phone>
              <gmd:address>
                <gmd:CI_Address>
                  <gmd:electronicMailAddress>
                    <gco:CharacterString>{{electronicMailAddress}}</gco:CharacterString>
                  </gmd:electronicMailAddress>
                </gmd:CI_Address>
              </gmd:address>
            </gmd:CI_Contact>
          </gmd:contactInfo>
          <gmd:role>
            <gmd:CI_RoleCode codeList="http://standards.iso.org/ittf/PubliclyAvailableStandards/ISO_19139_Schemas/resources/codelist/ML_gmxCodelists.xml#CI_RoleCode" codeListValue="pointOfContact" />
          </gmd:role>
        </gmd:CI_ResponsibleParty>
      </gmd:pointOfContact>
      <gmd:descriptiveKeywords>
        <gmd:MD_Keywords>
          <gmd:keyword>
            <gco:CharacterString>RPG</gco:CharacterString>
          </gmd:keyword>
          <gmd:type>
            <gmd:MD_KeywordTypeCode codeList="http://standards.iso.org/ittf/PubliclyAvailableStandards/ISO_19139_Schemas/resources/codelist/ML_gmxCodelists.xml#MD_KeywordTypeCode" codeListValue="theme" />
          </gmd:type>
        </gmd:MD_Keywords>
      </gmd:descriptiveKeywords>
      <gmd:descriptiveKeywords>
        <gmd:MD_Keywords>
          <gmd:keyword>
            <gco:CharacterString>GUYANE</gco:CharacterString>
          </gmd:keyword>
          <gmd:type>
            <gmd:MD_KeywordTypeCode codeList="http://standards.iso.org/ittf/PubliclyAvailableStandards/ISO_19139_Schemas/resources/codelist/ML_gmxCodelists.xml#MD_KeywordTypeCode" codeListValue="place" />
          </gmd:type>
          <gmd:thesaurusName>
            <gmd:CI_Citation>
              <gmd:title>
                <gco:CharacterString>Régions de France</gco:CharacterString>
              </gmd:title>
              <gmd:date>
                <gmd:CI_Date>
                  <gmd:date>
                    <gco:Date>2006-09-22</gco:Date>
                  </gmd:date>
                  <gmd:dateType>
                    <gmd:CI_DateTypeCode codeList="http://standards.iso.org/ittf/PubliclyAvailableStandards/ISO_19139_Schemas/resources/codelist/ML_gmxCodelists.xml#CI_DateTypeCode" codeListValue="publication" />
                  </gmd:dateType>
                </gmd:CI_Date>
              </gmd:date>
              <gmd:identifier>
                <gmd:MD_Identifier>
                  <gmd:code>
                    <gmx:Anchor xlink:href="http://www.geoguyane.fr/geonetwork/srv/fre/thesaurus.download?ref=external.place.RegionFR">geonetwork.thesaurus.external.place.RegionFR</gmx:Anchor>
                  </gmd:code>
                </gmd:MD_Identifier>
              </gmd:identifier>
            </gmd:CI_Citation>
          </gmd:thesaurusName>
        </gmd:MD_Keywords>
      </gmd:descriptiveKeywords>
      <gmd:descriptiveKeywords>
        <gmd:MD_Keywords>
          <gmd:keyword>
            <gco:CharacterString>infoMapAccessService</gco:CharacterString>
          </gmd:keyword>
          <gmd:type>
            <gmd:MD_KeywordTypeCode codeList="http://standards.iso.org/ittf/PubliclyAvailableStandards/ISO_19139_Schemas/resources/codelist/ML_gmxCodelists.xml#MD_KeywordTypeCode" codeListValue="theme" />
          </gmd:type>
          <gmd:thesaurusName>
            <gmd:CI_Citation>
              <gmd:title>
                <gco:CharacterString>INSPIRE Service taxonomy</gco:CharacterString>
              </gmd:title>
              <gmd:date>
                <gmd:CI_Date>
                  <gmd:date>
                    <gco:Date>2010-04-22</gco:Date>
                  </gmd:date>
                  <gmd:dateType>
                    <gmd:CI_DateTypeCode codeList="http://standards.iso.org/ittf/PubliclyAvailableStandards/ISO_19139_Schemas/resources/codelist/ML_gmxCodelists.xml#CI_DateTypeCode" codeListValue="publication" />
                  </gmd:dateType>
                </gmd:CI_Date>
              </gmd:date>
              <gmd:identifier>
                <gmd:MD_Identifier>
                  <gmd:code>
                    <gmx:Anchor xlink:href="http://www.geoguyane.fr/geonetwork/srv/fre/thesaurus.download?ref=external.theme.inspire-service-taxonomy">geonetwork.thesaurus.external.theme.inspire-service-taxonomy</gmx:Anchor>
                  </gmd:code>
                </gmd:MD_Identifier>
              </gmd:identifier>
            </gmd:CI_Citation>
          </gmd:thesaurusName>
        </gmd:MD_Keywords>
      </gmd:descriptiveKeywords>
      <gmd:descriptiveKeywords>
        <gmd:MD_Keywords>
          <gmd:keyword>
            <gco:CharacterString>GUYANE</gco:CharacterString>
          </gmd:keyword>
          <gmd:keyword>
            <gco:CharacterString>DAAF</gco:CharacterString>
          </gmd:keyword>
          <gmd:type>
            <gmd:MD_KeywordTypeCode codeList="http://standards.iso.org/ittf/PubliclyAvailableStandards/ISO_19139_Schemas/resources/codelist/ML_gmxCodelists.xml#MD_KeywordTypeCode" codeListValue="theme" />
          </gmd:type>
        </gmd:MD_Keywords>
      </gmd:descriptiveKeywords>
      <gmd:descriptiveKeywords>
        <gmd:MD_Keywords>
          <gmd:keyword>
            <gco:CharacterString>NIVEAU_DE_DIFFUSION</gco:CharacterString>
          </gmd:keyword>
          <gmd:keyword>
            <gco:CharacterString>GRAND_PUBLIC</gco:CharacterString>
          </gmd:keyword>
          <gmd:type>
            <gmd:MD_KeywordTypeCode codeList="http://standards.iso.org/ittf/PubliclyAvailableStandards/ISO_19139_Schemas/resources/codelist/ML_gmxCodelists.xml#MD_KeywordTypeCode" codeListValue="theme" />
          </gmd:type>
        </gmd:MD_Keywords>
      </gmd:descriptiveKeywords>
      <gmd:descriptiveKeywords>
        <gmd:MD_Keywords>
          <gmd:keyword>
            <gco:CharacterString>AGRICULTURE</gco:CharacterString>
          </gmd:keyword>
          <gmd:keyword>
            <gco:CharacterString>EXPLOITATION_ELEVAGE</gco:CharacterString>
          </gmd:keyword>
          <gmd:type>
            <gmd:MD_KeywordTypeCode codeList="http://standards.iso.org/ittf/PubliclyAvailableStandards/ISO_19139_Schemas/resources/codelist/ML_gmxCodelists.xml#MD_KeywordTypeCode" codeListValue="theme" />
          </gmd:type>
        </gmd:MD_Keywords>
      </gmd:descriptiveKeywords>
      <gmd:resourceConstraints>
        <gmd:MD_LegalConstraints>
          <gmd:accessConstraints>
            <gmd:MD_RestrictionCode codeList="http://standards.iso.org/ittf/PubliclyAvailableStandards/ISO_19139_Schemas/resources/codelist/ML_gmxCodelists.xml#MD_RestrictionCode" codeListValue="intellectualPropertyRights" />
          </gmd:accessConstraints>
          <gmd:useConstraints>
            <gmd:MD_RestrictionCode codeList="http://standards.iso.org/ittf/PubliclyAvailableStandards/ISO_19139_Schemas/resources/codelist/ML_gmxCodelists.xml#MD_RestrictionCode" codeListValue="intellectualPropertyRights" />
          </gmd:useConstraints>
          <gmd:otherConstraints>
            <gco:CharacterString>Pas de restriction d’accès public selon INSPIRE</gco:CharacterString>
          </gmd:otherConstraints>
        </gmd:MD_LegalConstraints>
      </gmd:resourceConstraints>
      <gmd:resourceConstraints>
        <gmd:MD_SecurityConstraints>
          <gmd:classification>
            <gmd:MD_ClassificationCode codeList="http://standards.iso.org/ittf/PubliclyAvailableStandards/ISO_19139_Schemas/resources/codelist/ML_gmxCodelists.xml#MD_ClassificationCode" codeListValue="restricted" />
          </gmd:classification>
          <gmd:userNote gco:nilReason="missing">
            <gco:CharacterString />
          </gmd:userNote>
        </gmd:MD_SecurityConstraints>
      </gmd:resourceConstraints>
      <srv:serviceType>
        <gco:LocalName>invoke</gco:LocalName>
      </srv:serviceType>
      <srv:extent>
        <gmd:EX_Extent>
          <gmd:description>
            <gco:CharacterString>Guyane</gco:CharacterString>
          </gmd:description>
          <gmd:geographicElement>
            <gmd:EX_GeographicBoundingBox>
              <gmd:westBoundLongitude>
                <gco:Decimal>-54.586</gco:Decimal>
              </gmd:westBoundLongitude>
              <gmd:eastBoundLongitude>
                <gco:Decimal>-51.165</gco:Decimal>
              </gmd:eastBoundLongitude>
              <gmd:southBoundLatitude>
                <gco:Decimal>2.114</gco:Decimal>
              </gmd:southBoundLatitude>
              <gmd:northBoundLatitude>
                <gco:Decimal>6.159</gco:Decimal>
              </gmd:northBoundLatitude>
            </gmd:EX_GeographicBoundingBox>
          </gmd:geographicElement>
        </gmd:EX_Extent>
      </srv:extent>
      <srv:couplingType>
        <srv:SV_CouplingType codeList="http://www.isotc211.org/2005/iso19119/resources/Codelist/gmxCodelists.xml#SV_CouplingType" codeListValue="tight" />
      </srv:couplingType>
      <srv:containsOperations>
        <srv:SV_OperationMetadata>
          <srv:operationName>
            <gco:CharacterString>Accès à la carte</gco:CharacterString>
          </srv:operationName>
          <srv:DCP>
            <srv:DCPList codeList="http://www.isotc211.org/2005/iso19119/resources/Codelist/gmxCodelists.xml#DCPList" codeListValue="WebServices" />
          </srv:DCP>
        </srv:SV_OperationMetadata>
      </srv:containsOperations>
      <srv:containsOperations>
        <srv:SV_OperationMetadata>
          <srv:operationName>
            <gco:CharacterString>Accès au fichier contexte OWS de la carte</gco:CharacterString>
          </srv:operationName>
          <srv:DCP>
            <srv:DCPList codeList="http://www.isotc211.org/2005/iso19119/resources/Codelist/gmxCodelists.xml#DCPList" codeListValue="WebServices" />
          </srv:DCP>
        </srv:SV_OperationMetadata>
      </srv:containsOperations>
      <srv:containsOperations>
        <srv:SV_OperationMetadata>
          <srv:operationName>
            <gco:CharacterString>Accès au fichier PDF de la carte</gco:CharacterString>
          </srv:operationName>
          <srv:DCP>
            <srv:DCPList codeList="http://www.isotc211.org/2005/iso19119/resources/Codelist/gmxCodelists.xml#DCPList" codeListValue="WebServices" />
          </srv:DCP>
          <srv:connectPoint>
            <gmd:CI_OnlineResource>
              <gmd:linkage>
                <gmd:URL>http://carto.geoguyane.fr/services/GetPDF/index.php?id=39420</gmd:URL>
              </gmd:linkage>
              <gmd:protocol>
                <gco:CharacterString>WWW:LINK-1.0-http--link</gco:CharacterString>
              </gmd:protocol>
            </gmd:CI_OnlineResource>
          </srv:connectPoint>
        </srv:SV_OperationMetadata>
      </srv:containsOperations>
      <srv:containsOperations>
        <srv:SV_OperationMetadata>
          <srv:operationName>
            <gco:CharacterString>Accès au fichier contexte OWS de la carte</gco:CharacterString>
          </srv:operationName>
          <srv:DCP>
            <srv:DCPList codeList="http://www.isotc211.org/2005/iso19119/resources/Codelist/gmxCodelists.xml#DCPList" codeListValue="WebServices" />
          </srv:DCP>
        </srv:SV_OperationMetadata>
      </srv:containsOperations>
      <srv:containsOperations>
        <srv:SV_OperationMetadata>
          <srv:operationName>
            <gco:CharacterString>Accès à la carte interactive</gco:CharacterString>
          </srv:operationName>
          <srv:DCP>
            <srv:DCPList codeList="http://www.isotc211.org/2005/iso19119/resources/Codelist/gmxCodelists.xml#DCPList" codeListValue="WebServices" />
          </srv:DCP>
          <srv:connectPoint>
            <gmd:CI_OnlineResource>
              <gmd:linkage>
                <gmd:URL>http://www.geoguyane.fr/PRRA/consultation.php?id=491669</gmd:URL>
              </gmd:linkage>
              <gmd:protocol>
                <gco:CharacterString>WWW:LINK-1.0-http--link</gco:CharacterString>
              </gmd:protocol>
            </gmd:CI_OnlineResource>
          </srv:connectPoint>
        </srv:SV_OperationMetadata>
      </srv:containsOperations>
      <srv:containsOperations>
        <srv:SV_OperationMetadata>
          <srv:operationName>
            <gco:CharacterString>Accès au fichier contexte OWS de la carte</gco:CharacterString>
          </srv:operationName>
          <srv:DCP>
            <srv:DCPList codeList="http://www.isotc211.org/2005/iso19119/resources/Codelist/gmxCodelists.xml#DCPList" codeListValue="WebServices" />
          </srv:DCP>
          <srv:connectPoint>
            <gmd:CI_OnlineResource>
              <gmd:linkage>
                <gmd:URL>http://carto.geoguyane.fr/services/GetContext/index.php?id=491669</gmd:URL>
              </gmd:linkage>
              <gmd:protocol>
                <gco:CharacterString>WWW:LINK-1.0-http--link</gco:CharacterString>
              </gmd:protocol>
            </gmd:CI_OnlineResource>
          </srv:connectPoint>
        </srv:SV_OperationMetadata>
      </srv:containsOperations>
      <srv:containsOperations>
        <srv:SV_OperationMetadata>
          <srv:operationName>
            <gco:CharacterString>Accès à la carte interactive</gco:CharacterString>
          </srv:operationName>
          <srv:DCP>
            <srv:DCPList codeList="http://www.isotc211.org/2005/iso19119/resources/Codelist/gmxCodelists.xml#DCPList" codeListValue="WebServices" />
          </srv:DCP>
          <srv:connectPoint>
            <gmd:CI_OnlineResource>
              <gmd:linkage>
                <gmd:URL>http://www.geoguyane.fr/PRRA/consultation.php?id=491669</gmd:URL>
              </gmd:linkage>
              <gmd:protocol>
                <gco:CharacterString>WWW:LINK-1.0-http--link</gco:CharacterString>
              </gmd:protocol>
            </gmd:CI_OnlineResource>
          </srv:connectPoint>
        </srv:SV_OperationMetadata>
      </srv:containsOperations>
      <srv:coupledResource>
        <srv:SV_CoupledResource>
          <srv:operationName>
            <gco:CharacterString>GetCapabilities</gco:CharacterString>
          </srv:operationName>
          <srv:identifier>
            <gco:CharacterString>e83e7016-03d3-4e9f-a009-512249f546fc</gco:CharacterString>
          </srv:identifier>
          <gco:ScopedName>SCAN 100? V2</gco:ScopedName>
        </srv:SV_CoupledResource>
      </srv:coupledResource>
      <srv:operatesOn xmlns:xlink="http://www.isotc211.org/2005/xlink" uuidref="e83e7016-03d3-4e9f-a009-512249f546fc" xlink:href="http://www.geoguyane.fr/geonetwork/srv/e83e7016-03d3-4e9f-a009-512249f546fc" />
      <srv:coupledResource>
        <srv:SV_CoupledResource>
          <srv:operationName>
            <gco:CharacterString>GetCapabilities</gco:CharacterString>
          </srv:operationName>
          <srv:identifier>
            <gco:CharacterString>5663ad27-62b7-444c-9d34-b37f96778964</gco:CharacterString>
          </srv:identifier>
          <gco:ScopedName>Limites communales</gco:ScopedName>
        </srv:SV_CoupledResource>
      </srv:coupledResource>
      <srv:operatesOn xmlns:xlink="http://www.isotc211.org/2005/xlink" uuidref="5663ad27-62b7-444c-9d34-b37f96778964" xlink:href="http://www.geoguyane.fr/geonetwork/srv/5663ad27-62b7-444c-9d34-b37f96778964" />
      <srv:coupledResource>
        <srv:SV_CoupledResource>
          <srv:operationName>
            <gco:CharacterString>GetCapabilities</gco:CharacterString>
          </srv:operationName>
          <srv:identifier>
            <gco:CharacterString>a6e43ad0-13cd-4053-8c5e-494265ea741c</gco:CharacterString>
          </srv:identifier>
          <gco:ScopedName>BD TOPO? 2011, Chef-lieu</gco:ScopedName>
        </srv:SV_CoupledResource>
      </srv:coupledResource>
      <srv:operatesOn xmlns:xlink="http://www.isotc211.org/2005/xlink" uuidref="a6e43ad0-13cd-4053-8c5e-494265ea741c" xlink:href="http://www.geoguyane.fr/geonetwork/srv/a6e43ad0-13cd-4053-8c5e-494265ea741c" />
      <srv:coupledResource>
        <srv:SV_CoupledResource>
          <srv:operationName>
            <gco:CharacterString>GetCapabilities</gco:CharacterString>
          </srv:operationName>
          <srv:identifier>
            <gco:CharacterString>b98b874b-61c4-48ff-b0f8-528f4e34aaf0</gco:CharacterString>
          </srv:identifier>
          <gco:ScopedName>Registre parcellaire graphique 2014 ?lots et culture dominante</gco:ScopedName>
        </srv:SV_CoupledResource>
      </srv:coupledResource>
      <srv:operatesOn xmlns:xlink="http://www.isotc211.org/2005/xlink" uuidref="b98b874b-61c4-48ff-b0f8-528f4e34aaf0" xlink:href="http://www.geoguyane.fr/geonetwork/srv/b98b874b-61c4-48ff-b0f8-528f4e34aaf0" />
    </srv:SV_ServiceIdentification>
  </gmd:identificationInfo>
  <gmd:distributionInfo>
    <gmd:MD_Distribution>
      <gmd:transferOptions>
        <gmd:MD_DigitalTransferOptions>
          <gmd:unitsOfDistribution>
            <gco:CharacterString>liens associés</gco:CharacterString>
          </gmd:unitsOfDistribution>
          <gmd:onLine>
            <gmd:CI_OnlineResource>
              <gmd:linkage>
                <gmd:URL>http://www.geoguyane.fr/PRRA/consultation.php?id=491669</gmd:URL>
              </gmd:linkage>
              <gmd:protocol>
                <gco:CharacterString>WWW:LINK-1.0-http--link</gco:CharacterString>
              </gmd:protocol>
              <gmd:name>
                <gco:CharacterString>Accès à la carte</gco:CharacterString>
              </gmd:name>
            </gmd:CI_OnlineResource>
          </gmd:onLine>
          <gmd:onLine>
            <gmd:CI_OnlineResource>
              <gmd:linkage>
                <gmd:URL>http://carto.geoguyane.fr/services/GetContext/index.php?id=491669</gmd:URL>
              </gmd:linkage>
              <gmd:protocol>
                <gco:CharacterString>WWW:LINK-1.0-http--link</gco:CharacterString>
              </gmd:protocol>
              <gmd:name>
                <gco:CharacterString>Accès au fichier contexte OWS de la carte</gco:CharacterString>
              </gmd:name>
            </gmd:CI_OnlineResource>
          </gmd:onLine>
          <gmd:onLine>
            <gmd:CI_OnlineResource>
              <gmd:linkage>
                <gmd:URL>http://carto.geoguyane.fr/services/GetPDF/index.php?id=491669</gmd:URL>
              </gmd:linkage>
              <gmd:protocol>
                <gco:CharacterString>WWW:LINK-1.0-http--link</gco:CharacterString>
              </gmd:protocol>
              <gmd:name>
                <gco:CharacterString>Accès au fichier PDF de la carte</gco:CharacterString>
              </gmd:name>
            </gmd:CI_OnlineResource>
          </gmd:onLine>
        </gmd:MD_DigitalTransferOptions>
      </gmd:transferOptions>
    </gmd:MD_Distribution>
  </gmd:distributionInfo>
  <gmd:dataQualityInfo>
    <gmd:DQ_DataQuality>
      <gmd:scope>
        <gmd:DQ_Scope>
          <gmd:level>
            <gmd:MD_ScopeCode codeList="http://standards.iso.org/ittf/PubliclyAvailableStandards/ISO_19139_Schemas/resources/codelist/ML_gmxCodelists.xml#MD_ScopeCode" codeListValue="service" />
          </gmd:level>
        </gmd:DQ_Scope>
      </gmd:scope>
      <gmd:lineage>
        <gmd:LI_Lineage>
          <gmd:statement>
            <gco:CharacterString>Registre Parcellaire Graphique (RPG) anonymisé des agriculteurs déclarants bénéficiaire d'aides directes dans le cadre de la politique agricole commune (PAC). îlots et culture dominante</gco:CharacterString>
          </gmd:statement>
          <gmd:source>
            <gmd:LI_Source>
              <gmd:description>
                <gco:CharacterString>SIGAL : Système d'Information de la Direction Générale de l'Alimentation - MAARAT</gco:CharacterString>
              </gmd:description>
            </gmd:LI_Source>
          </gmd:source>
        </gmd:LI_Lineage>
      </gmd:lineage>
    </gmd:DQ_DataQuality>
  </gmd:dataQualityInfo>
</gmd:MD_Metadata>