<?xml version="1.0" encoding="UTF-8"?>

<gmd:MD_Metadata xmlns:gmd="http://www.isotc211.org/2005/gmd" xmlns:xsi="http://www.w3.org/2001/XMLSchema-instance" xmlns:fra="http://www.cnig.gouv.fr/2005/fra" xmlns:gco="http://www.isotc211.org/2005/gco" xmlns:gts="http://www.isotc211.org/2005/gts" xmlns:gml="http://www.opengis.net/gml" xmlns:gmx="http://www.isotc211.org/2005/gmx" xmlns:xlink="http://www.w3.org/1999/xlink" xmlns:geonet="http://www.fao.org/geonetwork">
  <gmd:fileIdentifier>
    <gco:CharacterString>557481f1-138d-4b7e-a75c-b04104856368</gco:CharacterString>
  </gmd:fileIdentifier>
  <gmd:language>
    <gco:CharacterString>fre</gco:CharacterString>
  </gmd:language>
  <gmd:characterSet>
    <gmd:MD_CharacterSetCode codeList="http://standards.iso.org/ittf/PubliclyAvailableStandards/ISO_19139_Schemas/resources/codelist/ML_gmxCodelists.xml#MD_CharacterSetCode" codeListValue="utf8" />
  </gmd:characterSet>
  <gmd:parentIdentifier xmlns:srv="http://www.isotc211.org/2005/srv">
    <gco:CharacterString>1a2da5a4-fdb8-4de1-b712-5a030a0a4e95</gco:CharacterString>
  </gmd:parentIdentifier>
  <gmd:hierarchyLevel>
    <gmd:MD_ScopeCode codeList="http://standards.iso.org/ittf/PubliclyAvailableStandards/ISO_19139_Schemas/resources/codelist/ML_gmxCodelists.xml#MD_ScopeCode" codeListValue="dataset" />
  </gmd:hierarchyLevel>
  <gmd:contact>
    <gmd:CI_ResponsibleParty>
      <gmd:individualName>
        <gco:CharacterString>Géomaticien</gco:CharacterString>
      </gmd:individualName>
      <gmd:organisationName>
        <gco:CharacterString>DEAL Guyane</gco:CharacterString>
      </gmd:organisationName>
      <gmd:positionName>
        <gco:CharacterString>Service planification connaissance et évaluation, unité information géographique, diffusion de la connaissance</gco:CharacterString>
      </gmd:positionName>
      <gmd:contactInfo>
        <gmd:CI_Contact>
          <gmd:phone>
            <gmd:CI_Telephone>
              <gmd:voice>
                <gco:CharacterString>05.94.29.80.26</gco:CharacterString>
              </gmd:voice>
              <gmd:facsimile>
                <gco:CharacterString />
              </gmd:facsimile>
            </gmd:CI_Telephone>
          </gmd:phone>
          <gmd:address>
            <gmd:CI_Address>
              <gmd:deliveryPoint>
                <gco:CharacterString>6 rue Carlos Fineley, Point Buzaré, CS 76003</gco:CharacterString>
              </gmd:deliveryPoint>
              <gmd:city>
                <gco:CharacterString>CAYENNE</gco:CharacterString>
              </gmd:city>
              <gmd:administrativeArea>
                <gco:CharacterString />
              </gmd:administrativeArea>
              <gmd:postalCode>
                <gco:CharacterString>97306</gco:CharacterString>
              </gmd:postalCode>
              <gmd:country>
                <gco:CharacterString>Guyane française</gco:CharacterString>
              </gmd:country>
              <gmd:electronicMailAddress>
                <gco:CharacterString>infogeo-deal.guyane@developpement-durable.gouv.fr</gco:CharacterString>
              </gmd:electronicMailAddress>
            </gmd:CI_Address>
          </gmd:address>
        </gmd:CI_Contact>
      </gmd:contactInfo>
      <gmd:role>
        <gmd:CI_RoleCode codeList="" codeListValue="pointOfContact" />
      </gmd:role>
    </gmd:CI_ResponsibleParty>
  </gmd:contact>
  <gmd:dateStamp>
    <gco:DateTime>2015-12-23T14:40:53</gco:DateTime>
  </gmd:dateStamp>
  <gmd:metadataStandardName>
    <gco:CharacterString>ISO 19115:2003/19139</gco:CharacterString>
  </gmd:metadataStandardName>
  <gmd:metadataStandardVersion>
    <gco:CharacterString>1.0</gco:CharacterString>
  </gmd:metadataStandardVersion>
  <gmd:referenceSystemInfo>
    <gmd:MD_ReferenceSystem />
  </gmd:referenceSystemInfo>
  <gmd:referenceSystemInfo>
    <gmd:MD_ReferenceSystem>
      <gmd:referenceSystemIdentifier>
        <gmd:RS_Identifier>
          <gmd:code>
            <gco:CharacterString>RGFG95 UTM Nord fuseau 22</gco:CharacterString>
          </gmd:code>
          <gmd:codeSpace>
            <gco:CharacterString>urn:ogc:def:crs:IGNF:1.1</gco:CharacterString>
          </gmd:codeSpace>
        </gmd:RS_Identifier>
      </gmd:referenceSystemIdentifier>
    </gmd:MD_ReferenceSystem>
  </gmd:referenceSystemInfo>
  <gmd:referenceSystemInfo>
    <gmd:MD_ReferenceSystem />
  </gmd:referenceSystemInfo>
  <gmd:referenceSystemInfo>
    <gmd:MD_ReferenceSystem />
  </gmd:referenceSystemInfo>
  <gmd:identificationInfo>
    <gmd:MD_DataIdentification>
      <gmd:citation>
        <gmd:CI_Citation>
          <gmd:title>
            <gco:CharacterString>BD TOPO® (2015), PAI, Culture, loisirs</gco:CharacterString>
          </gmd:title>
          <gmd:date>
            <gmd:CI_Date>
              <gmd:date>
                <gco:DateTime>2015-12-23T14:40:53</gco:DateTime>
              </gmd:date>
              <gmd:dateType>
                <gmd:CI_DateTypeCode codeList="http://standards.iso.org/ittf/PubliclyAvailableStandards/ISO_19139_Schemas/resources/codelist/ML_gmxCodelists.xml#CI_DateTypeCode" codeListValue="revision" />
              </gmd:dateType>
            </gmd:CI_Date>
          </gmd:date>
          <gmd:date>
            <gmd:CI_Date>
              <gmd:date>
                <gco:DateTime>2011-09-28T12:25:00</gco:DateTime>
              </gmd:date>
              <gmd:dateType>
                <gmd:CI_DateTypeCode codeList="http://standards.iso.org/ittf/PubliclyAvailableStandards/ISO_19139_Schemas/resources/codelist/ML_gmxCodelists.xml#CI_DateTypeCode" codeListValue="publication" />
              </gmd:dateType>
            </gmd:CI_Date>
          </gmd:date>
          <gmd:edition>
            <gco:CharacterString>2.1</gco:CharacterString>
          </gmd:edition>
          <gmd:identifier>
            <gmd:MD_Identifier>
              <gmd:code>
                <gco:CharacterString>http://www.geoguyane.fr/geonetwork/srv/557481f1-138d-4b7e-a75c-b04104856368</gco:CharacterString>
              </gmd:code>
            </gmd:MD_Identifier>
          </gmd:identifier>
        </gmd:CI_Citation>
      </gmd:citation>
      <gmd:abstract>
        <gco:CharacterString>Désignation d un établissement ou lieu spécialement aménagé pour une activité culturelle, touristique ou de loisirs.</gco:CharacterString>
      </gmd:abstract>
      <gmd:purpose>
        <gco:CharacterString>La BD TOPO® permet de couvrir de manière cohérente l'ensemble des entités géographiques et administratives du territoire national. La BD TOPO® fournit une information de référence à tous les acteurs de la gestion, de l'aménagement et de l'observation du territoire pour analyser, situer, représenter des données dans leur réalité géographique.</gco:CharacterString>
      </gmd:purpose>
      <gmd:status>
        <gmd:MD_ProgressCode codeList="http://standards.iso.org/ittf/PubliclyAvailableStandards/ISO_19139_Schemas/resources/codelist/ML_gmxCodelists.xml#MD_ProgressCode" codeListValue="onGoing" />
      </gmd:status>
      <gmd:pointOfContact>
        <gmd:CI_ResponsibleParty>
          <gmd:individualName>
            <gco:CharacterString>IGN</gco:CharacterString>
          </gmd:individualName>
          <gmd:organisationName>
            <gco:CharacterString>Institut Géographique National (IGN-F)</gco:CharacterString>
          </gmd:organisationName>
          <gmd:contactInfo>
            <gmd:CI_Contact>
              <gmd:address>
                <gmd:CI_Address>
                  <gmd:deliveryPoint>
                    <gco:CharacterString>IGN - Service Clients</gco:CharacterString>
                  </gmd:deliveryPoint>
                  <gmd:deliveryPoint>
                    <gco:CharacterString>73 avenue de Paris</gco:CharacterString>
                  </gmd:deliveryPoint>
                  <gmd:city>
                    <gco:CharacterString>SAINT-MANDE cedex</gco:CharacterString>
                  </gmd:city>
                  <gmd:postalCode>
                    <gco:CharacterString>94165</gco:CharacterString>
                  </gmd:postalCode>
                  <gmd:country>
                    <gco:CharacterString>FRANCE</gco:CharacterString>
                  </gmd:country>
                  <gmd:electronicMailAddress>
                    <gco:CharacterString>sav.bd@ign.fr</gco:CharacterString>
                  </gmd:electronicMailAddress>
                </gmd:CI_Address>
              </gmd:address>
            </gmd:CI_Contact>
          </gmd:contactInfo>
          <gmd:role>
            <gmd:CI_RoleCode codeList="http://standards.iso.org/ittf/PubliclyAvailableStandards/ISO_19139_Schemas/resources/codelist/ML_gmxCodelists.xml#CI_RoleCode" codeListValue="pointOfContact" />
          </gmd:role>
        </gmd:CI_ResponsibleParty>
      </gmd:pointOfContact>
      <gmd:resourceMaintenance>
        <gmd:MD_MaintenanceInformation>
          <gmd:maintenanceAndUpdateFrequency>
            <gmd:MD_MaintenanceFrequencyCode codeList="http://standards.iso.org/ittf/PubliclyAvailableStandards/ISO_19139_Schemas/resources/codelist/ML_gmxCodelists.xml#MD_MaintenanceFrequencyCode" codeListValue="biannually" />
          </gmd:maintenanceAndUpdateFrequency>
          <gmd:maintenanceNote>
            <gco:CharacterString>La politique de mise à jour en continu de la BD TOPO® V2.1 conduit à une actualité des données différente selon les classes d'objets : en effet, la mise à jour est assurée selon des cycles spécifiques aux informations.</gco:CharacterString>
          </gmd:maintenanceNote>
        </gmd:MD_MaintenanceInformation>
      </gmd:resourceMaintenance>
      <gmd:descriptiveKeywords>
        <gmd:MD_Keywords xmlns:srv="http://www.isotc211.org/2005/srv">
          <gmd:keyword>
            <gco:CharacterString>Réseaux de transport</gco:CharacterString>
          </gmd:keyword>
          <gmd:keyword>
            <gco:CharacterString>Services d'utilité publique et services publics</gco:CharacterString>
          </gmd:keyword>
          <gmd:keyword>
            <gco:CharacterString>Altitude</gco:CharacterString>
          </gmd:keyword>
          <gmd:keyword>
            <gco:CharacterString>Occupation des terres</gco:CharacterString>
          </gmd:keyword>
          <gmd:keyword>
            <gco:CharacterString>Bâtiments</gco:CharacterString>
          </gmd:keyword>
          <gmd:keyword>
            <gco:CharacterString>Dénominations géographiques</gco:CharacterString>
          </gmd:keyword>
          <gmd:keyword>
            <gco:CharacterString>Unités administratives</gco:CharacterString>
          </gmd:keyword>
          <gmd:type>
            <gmd:MD_KeywordTypeCode codeList="http://standards.iso.org/ittf/PubliclyAvailableStandards/ISO_19139_Schemas/resources/codelist/ML_gmxCodelists.xml#MD_KeywordTypeCode" codeListValue="theme" />
          </gmd:type>
          <gmd:thesaurusName>
            <gmd:CI_Citation>
              <gmd:title>
                <gco:CharacterString>GEMET - INSPIRE themes, version 1.0</gco:CharacterString>
              </gmd:title>
              <gmd:date>
                <gmd:CI_Date>
                  <gmd:date>
                    <gco:Date>2008-06-01</gco:Date>
                  </gmd:date>
                  <gmd:dateType>
                    <gmd:CI_DateTypeCode codeList="http://standards.iso.org/ittf/PubliclyAvailableStandards/ISO_19139_Schemas/resources/codelist/ML_gmxCodelists.xml#CI_DateTypeCode" codeListValue="publication" />
                  </gmd:dateType>
                </gmd:CI_Date>
              </gmd:date>
              <gmd:identifier>
                <gmd:MD_Identifier>
                  <gmd:code>
                    <gmx:Anchor xlink:href="http://www.geoguyane.fr/geonetwork/srv/fre/thesaurus.download?ref=external.theme.inspire-theme">geonetwork.thesaurus.external.theme.inspire-theme</gmx:Anchor>
                  </gmd:code>
                </gmd:MD_Identifier>
              </gmd:identifier>
            </gmd:CI_Citation>
          </gmd:thesaurusName>
        </gmd:MD_Keywords>
      </gmd:descriptiveKeywords>
      <gmd:descriptiveKeywords>
        <gmd:MD_Keywords>
          <gmd:keyword>
            <gco:CharacterString>administration</gco:CharacterString>
          </gmd:keyword>
          <gmd:keyword>
            <gco:CharacterString>aspects militaires</gco:CharacterString>
          </gmd:keyword>
          <gmd:keyword>
            <gco:CharacterString>bâtiments</gco:CharacterString>
          </gmd:keyword>
          <gmd:keyword>
            <gco:CharacterString>eau</gco:CharacterString>
          </gmd:keyword>
          <gmd:keyword>
            <gco:CharacterString>énergie</gco:CharacterString>
          </gmd:keyword>
          <gmd:keyword>
            <gco:CharacterString>géographie</gco:CharacterString>
          </gmd:keyword>
          <gmd:keyword>
            <gco:CharacterString>industrie</gco:CharacterString>
          </gmd:keyword>
          <gmd:keyword>
            <gco:CharacterString>information</gco:CharacterString>
          </gmd:keyword>
          <gmd:keyword>
            <gco:CharacterString>sols</gco:CharacterString>
          </gmd:keyword>
          <gmd:keyword>
            <gco:CharacterString>transport</gco:CharacterString>
          </gmd:keyword>
          <gmd:keyword>
            <gco:CharacterString>altitude</gco:CharacterString>
          </gmd:keyword>
          <gmd:keyword>
            <gco:CharacterString>hydrographie</gco:CharacterString>
          </gmd:keyword>
          <gmd:keyword>
            <gco:CharacterString>installations agricoles et aquacoles</gco:CharacterString>
          </gmd:keyword>
          <gmd:keyword>
            <gco:CharacterString>lieux de production et sites industriels</gco:CharacterString>
          </gmd:keyword>
          <gmd:keyword>
            <gco:CharacterString>occupation des terres</gco:CharacterString>
          </gmd:keyword>
          <gmd:keyword>
            <gco:CharacterString>référentiels de coordonnées</gco:CharacterString>
          </gmd:keyword>
          <gmd:keyword>
            <gco:CharacterString>régions maritimes</gco:CharacterString>
          </gmd:keyword>
          <gmd:keyword>
            <gco:CharacterString>répartition de la population , démographie</gco:CharacterString>
          </gmd:keyword>
          <gmd:keyword>
            <gco:CharacterString>réseaux de transport</gco:CharacterString>
          </gmd:keyword>
          <gmd:keyword>
            <gco:CharacterString>unités administratives</gco:CharacterString>
          </gmd:keyword>
          <gmd:keyword>
            <gco:CharacterString>usage des sols</gco:CharacterString>
          </gmd:keyword>
          <gmd:type>
            <gmd:MD_KeywordTypeCode codeList="http://standards.iso.org/ittf/PubliclyAvailableStandards/ISO_19139_Schemas/resources/codelist/ML_gmxCodelists.xml#MD_KeywordTypeCode" codeListValue="theme" />
          </gmd:type>
        </gmd:MD_Keywords>
      </gmd:descriptiveKeywords>
      <gmd:descriptiveKeywords>
        <gmd:MD_Keywords>
          <gmd:keyword>
            <gco:CharacterString>NIVEAU_DE_DIFFUSION</gco:CharacterString>
          </gmd:keyword>
          <gmd:keyword>
            <gco:CharacterString>GEOGUYANE</gco:CharacterString>
          </gmd:keyword>
          <gmd:type>
            <gmd:MD_KeywordTypeCode codeList="http://www.isotc211.org/2005/resources/codeList.xml#MD_KeywordTypeCode" codeListValue="theme" />
          </gmd:type>
        </gmd:MD_Keywords>
      </gmd:descriptiveKeywords>
      <gmd:descriptiveKeywords>
        <gmd:MD_Keywords>
          <gmd:keyword>
            <gco:CharacterString>REFERENTIELS</gco:CharacterString>
          </gmd:keyword>
          <gmd:keyword>
            <gco:CharacterString>BD IGN</gco:CharacterString>
          </gmd:keyword>
          <gmd:type>
            <gmd:MD_KeywordTypeCode codeList="http://www.isotc211.org/2005/resources/codeList.xml#MD_KeywordTypeCode" codeListValue="theme" />
          </gmd:type>
        </gmd:MD_Keywords>
      </gmd:descriptiveKeywords>
      <gmd:descriptiveKeywords>
        <gmd:MD_Keywords>
          <gmd:keyword>
            <gco:CharacterString>NATIONAL</gco:CharacterString>
          </gmd:keyword>
          <gmd:keyword>
            <gco:CharacterString>IGN</gco:CharacterString>
          </gmd:keyword>
          <gmd:type>
            <gmd:MD_KeywordTypeCode codeList="http://www.isotc211.org/2005/resources/codeList.xml#MD_KeywordTypeCode" codeListValue="theme" />
          </gmd:type>
        </gmd:MD_Keywords>
      </gmd:descriptiveKeywords>
      <gmd:resourceConstraints>
        <gmd:MD_LegalConstraints>
          <gmd:useLimitation>
            <gco:CharacterString>Base de données soumise aux conditions générales d'utilisation des fichiers IGN</gco:CharacterString>
          </gmd:useLimitation>
          <gmd:accessConstraints>
            <gmd:MD_RestrictionCode codeList="http://standards.iso.org/ittf/PubliclyAvailableStandards/ISO_19139_Schemas/resources/codelist/ML_gmxCodelists.xml#MD_RestrictionCode" codeListValue="license" />
          </gmd:accessConstraints>
          <gmd:useConstraints>
            <gmd:MD_RestrictionCode codeList="http://standards.iso.org/ittf/PubliclyAvailableStandards/ISO_19139_Schemas/resources/codelist/ML_gmxCodelists.xml#MD_RestrictionCode" codeListValue="license" />
          </gmd:useConstraints>
          <gmd:otherConstraints gco:nilReason="missing">
            <gco:CharacterString />
          </gmd:otherConstraints>
        </gmd:MD_LegalConstraints>
      </gmd:resourceConstraints>
      <gmd:resourceConstraints>
        <gmd:MD_SecurityConstraints>
          <gmd:useLimitation>
            <gco:CharacterString>Aucune contrainte</gco:CharacterString>
          </gmd:useLimitation>
          <gmd:classification>
            <gmd:MD_ClassificationCode codeList="http://standards.iso.org/ittf/PubliclyAvailableStandards/ISO_19139_Schemas/resources/codelist/ML_gmxCodelists.xml#MD_ClassificationCode" codeListValue="unclassified" />
          </gmd:classification>
          <gmd:userNote gco:nilReason="missing">
            <gco:CharacterString />
          </gmd:userNote>
        </gmd:MD_SecurityConstraints>
      </gmd:resourceConstraints>
      <gmd:spatialRepresentationType>
        <gmd:MD_SpatialRepresentationTypeCode codeList="http://standards.iso.org/ittf/PubliclyAvailableStandards/ISO_19139_Schemas/resources/codelist/ML_gmxCodelists.xml#MD_SpatialRepresentationTypeCode" codeListValue="vector" />
      </gmd:spatialRepresentationType>
      <gmd:spatialResolution>
        <gmd:MD_Resolution>
          <gmd:equivalentScale>
            <gmd:MD_RepresentativeFraction>
              <gmd:denominator>
                <gco:Integer>10000</gco:Integer>
              </gmd:denominator>
            </gmd:MD_RepresentativeFraction>
          </gmd:equivalentScale>
        </gmd:MD_Resolution>
      </gmd:spatialResolution>
      <gmd:spatialResolution>
        <gmd:MD_Resolution>
          <gmd:distance>
            <gco:Distance uom="m">1</gco:Distance>
          </gmd:distance>
        </gmd:MD_Resolution>
      </gmd:spatialResolution>
      <gmd:language>
        <gco:CharacterString>fre</gco:CharacterString>
      </gmd:language>
      <gmd:characterSet>
        <gmd:MD_CharacterSetCode codeList="http://standards.iso.org/ittf/PubliclyAvailableStandards/ISO_19139_Schemas/resources/codelist/ML_gmxCodelists.xml#MD_CharacterSetCode" codeListValue="utf8" />
      </gmd:characterSet>
      <gmd:topicCategory>
        <gmd:MD_TopicCategoryCode>farming</gmd:MD_TopicCategoryCode>
      </gmd:topicCategory>
      <gmd:topicCategory>
        <gmd:MD_TopicCategoryCode>biota</gmd:MD_TopicCategoryCode>
      </gmd:topicCategory>
      <gmd:topicCategory>
        <gmd:MD_TopicCategoryCode>boundaries</gmd:MD_TopicCategoryCode>
      </gmd:topicCategory>
      <gmd:topicCategory>
        <gmd:MD_TopicCategoryCode>economy</gmd:MD_TopicCategoryCode>
      </gmd:topicCategory>
      <gmd:topicCategory>
        <gmd:MD_TopicCategoryCode>elevation</gmd:MD_TopicCategoryCode>
      </gmd:topicCategory>
      <gmd:topicCategory>
        <gmd:MD_TopicCategoryCode>environment</gmd:MD_TopicCategoryCode>
      </gmd:topicCategory>
      <gmd:topicCategory>
        <gmd:MD_TopicCategoryCode>intelligenceMilitary</gmd:MD_TopicCategoryCode>
      </gmd:topicCategory>
      <gmd:topicCategory>
        <gmd:MD_TopicCategoryCode>inlandWaters</gmd:MD_TopicCategoryCode>
      </gmd:topicCategory>
      <gmd:topicCategory>
        <gmd:MD_TopicCategoryCode>location</gmd:MD_TopicCategoryCode>
      </gmd:topicCategory>
      <gmd:topicCategory>
        <gmd:MD_TopicCategoryCode>structure</gmd:MD_TopicCategoryCode>
      </gmd:topicCategory>
      <gmd:topicCategory>
        <gmd:MD_TopicCategoryCode>transportation</gmd:MD_TopicCategoryCode>
      </gmd:topicCategory>
      <gmd:topicCategory>
        <gmd:MD_TopicCategoryCode>utilitiesCommunication</gmd:MD_TopicCategoryCode>
      </gmd:topicCategory>
      <gmd:extent>
        <gmd:EX_Extent>
          <gmd:description>
            <gco:CharacterString>Guyane</gco:CharacterString>
          </gmd:description>
          <gmd:geographicElement>
            <gmd:EX_GeographicBoundingBox>
              <gmd:westBoundLongitude>
                <gco:Decimal>-54</gco:Decimal>
              </gmd:westBoundLongitude>
              <gmd:eastBoundLongitude>
                <gco:Decimal>-49.06</gco:Decimal>
              </gmd:eastBoundLongitude>
              <gmd:southBoundLatitude>
                <gco:Decimal>2.16</gco:Decimal>
              </gmd:southBoundLatitude>
              <gmd:northBoundLatitude>
                <gco:Decimal>9.06</gco:Decimal>
              </gmd:northBoundLatitude>
            </gmd:EX_GeographicBoundingBox>
          </gmd:geographicElement>
        </gmd:EX_Extent>
      </gmd:extent>
      <gmd:supplementalInformation>
        <gco:CharacterString>La BD TOPO® version 2.1 succède à la base de données BD TOPO® v2 suite à des évolutions de la gamme Adresse impactant le thème routier.</gco:CharacterString>
      </gmd:supplementalInformation>
    </gmd:MD_DataIdentification>
  </gmd:identificationInfo>
  <gmd:contentInfo xmlns:srv="http://www.isotc211.org/2005/srv" xmlns:date="http://exslt.org/dates-and-times">
    <gmd:MD_FeatureCatalogueDescription>
      <gmd:includedWithDataset />
      <gmd:featureCatalogueCitation uuidref="d67d3a77-deec-4865-9856-c793f4625e1c" xlink:href="http://catalogue.geoguyane.fr/geonetwork/srv/fre/csw?service=CSW&amp;request=GetRecordById&amp;version=2.0.2&amp;outputSchema=http://www.isotc211.org/2005/gmd&amp;elementSetName=full&amp;id=d67d3a77-deec-4865-9856-c793f4625e1c" />
    </gmd:MD_FeatureCatalogueDescription>
  </gmd:contentInfo>
  <gmd:distributionInfo>
    <gmd:MD_Distribution>
      <gmd:distributionFormat>
        <gmd:MD_Format>
          <gmd:name>
            <gco:CharacterString>SHP</gco:CharacterString>
          </gmd:name>
          <gmd:version>
            <gco:CharacterString>1.0</gco:CharacterString>
          </gmd:version>
        </gmd:MD_Format>
      </gmd:distributionFormat>
      <gmd:transferOptions>
        <gmd:MD_DigitalTransferOptions>
          <gmd:onLine>
            <gmd:CI_OnlineResource>
              <gmd:linkage>
                <gmd:URL>http://www.ign.fr/</gmd:URL>
              </gmd:linkage>
              <gmd:protocol gco:nilReason="missing">
                <gco:CharacterString />
              </gmd:protocol>
            </gmd:CI_OnlineResource>
          </gmd:onLine>
        </gmd:MD_DigitalTransferOptions>
      </gmd:transferOptions>
    </gmd:MD_Distribution>
  </gmd:distributionInfo>
  <gmd:dataQualityInfo>
    <gmd:DQ_DataQuality>
      <gmd:scope>
        <gmd:DQ_Scope>
          <gmd:level>
            <gmd:MD_ScopeCode codeList="http://standards.iso.org/ittf/PubliclyAvailableStandards/ISO_19139_Schemas/resources/codelist/ML_gmxCodelists.xml#MD_ScopeCode" codeListValue="dataset" />
          </gmd:level>
        </gmd:DQ_Scope>
      </gmd:scope>
      <gmd:lineage>
        <gmd:LI_Lineage>
          <gmd:statement>
            <gco:CharacterString>La géométrie des objets de la BD TOPO® provient de sources différentes ; l'objet aura une précision relative à sa méthode d'acquisition. La restitution photogrammétrique permet d'obtenir une meilleure précision géométrique qu'avec un report à partir d'un plan, d'une orthophotographie, ou d'une autre base de données 2D telle que la BD CARTO®. La correspondance entre les sources de données et la valeur de la précision escomptée est fournie dans le document de référence (DC_BDTOPO_2_1.pdf). Les données attributaires proviennent de différentes sources. Pour une classe donnée, les sources de l'information sémantique et celles de l'information géométrique ne coïncident pas forcément. C'est pourquoi la notion de source de données a été précisée.</gco:CharacterString>
          </gmd:statement>
          <gmd:source>
            <gmd:LI_Source>
              <gmd:description>
                <gco:CharacterString>Modélisation géométrique : Au centre de l objet ponctuel, du bâtiment ou au centroïde de la zone d activité.</gco:CharacterString>
              </gmd:description>
            </gmd:LI_Source>
          </gmd:source>
        </gmd:LI_Lineage>
      </gmd:lineage>
    </gmd:DQ_DataQuality>
  </gmd:dataQualityInfo>
</gmd:MD_Metadata>