<?xml version="1.0" encoding="UTF-8"?>

<gmd:MD_Metadata xmlns:gmd="http://www.isotc211.org/2005/gmd" xmlns:fra="http://www.cnig.gouv.fr/2005/fra" xmlns:gco="http://www.isotc211.org/2005/gco" xmlns:gts="http://www.isotc211.org/2005/gts" xmlns:gml="http://www.opengis.net/gml" xmlns:gmx="http://www.isotc211.org/2005/gmx" xmlns:xlink="http://www.w3.org/1999/xlink" xmlns:geonet="http://www.fao.org/geonetwork" xmlns:xsi="http://www.w3.org/2001/XMLSchema-instance" xsi:schemaLocation="http://www.isotc211.org/2005/gmd http://www.isotc211.org/2005/gmd/gmd.xsd http://www.isotc211.org/2005/srv http://schemas.opengis.net/iso/19139/20060504/srv/srv.xsd">
  <gmd:fileIdentifier>
    <gco:CharacterString>659f4863-c9ef-43a8-9bea-7f5477ad27c6</gco:CharacterString>
  </gmd:fileIdentifier>
  <gmd:language>
    <gco:CharacterString>fre</gco:CharacterString>
  </gmd:language>
  <gmd:characterSet>
    <gmd:MD_CharacterSetCode codeList="http://standards.iso.org/ittf/PubliclyAvailableStandards/ISO_19139_Schemas/resources/codelist/ML_gmxCodelists.xml#MD_CharacterSetCode" codeListValue="utf8" />
  </gmd:characterSet>
  <gmd:parentIdentifier>
    <gco:CharacterString>e170b009-8a46-4ef4-ad42-b35d0046da22</gco:CharacterString>
  </gmd:parentIdentifier>
  <gmd:hierarchyLevel>
    <gmd:MD_ScopeCode codeList="http://standards.iso.org/ittf/PubliclyAvailableStandards/ISO_19139_Schemas/resources/codelist/ML_gmxCodelists.xml#MD_ScopeCode" codeListValue="dataset" />
  </gmd:hierarchyLevel>
  <gmd:contact>
    <gmd:CI_ResponsibleParty>
      <gmd:individualName>
        <gco:CharacterString>Géomaticien</gco:CharacterString>
      </gmd:individualName>
      <gmd:organisationName>
        <gco:CharacterString>DEAL Guyane</gco:CharacterString>
      </gmd:organisationName>
      <gmd:positionName>
        <gco:CharacterString>Service planification connaissance et évaluation, unité information géographique, diffusion de la connaissance</gco:CharacterString>
      </gmd:positionName>
      <gmd:contactInfo>
        <gmd:CI_Contact>
          <gmd:phone>
            <gmd:CI_Telephone>
              <gmd:voice>
                <gco:CharacterString>05.94.29.80.26</gco:CharacterString>
              </gmd:voice>
              <gmd:facsimile>
                <gco:CharacterString />
              </gmd:facsimile>
            </gmd:CI_Telephone>
          </gmd:phone>
          <gmd:address>
            <gmd:CI_Address>
              <gmd:deliveryPoint>
                <gco:CharacterString>6 rue Carlos Fineley, Point Buzaré, CS 76003</gco:CharacterString>
              </gmd:deliveryPoint>
              <gmd:city>
                <gco:CharacterString>CAYENNE</gco:CharacterString>
              </gmd:city>
              <gmd:administrativeArea>
                <gco:CharacterString />
              </gmd:administrativeArea>
              <gmd:postalCode>
                <gco:CharacterString>97306</gco:CharacterString>
              </gmd:postalCode>
              <gmd:country>
                <gco:CharacterString>Guyane française</gco:CharacterString>
              </gmd:country>
              <gmd:electronicMailAddress>
                <gco:CharacterString>infogeo-deal.guyane@developpement-durable.gouv.fr</gco:CharacterString>
              </gmd:electronicMailAddress>
            </gmd:CI_Address>
          </gmd:address>
        </gmd:CI_Contact>
      </gmd:contactInfo>
      <gmd:role>
        <gmd:CI_RoleCode codeList="" codeListValue="pointOfContact" />
      </gmd:role>
    </gmd:CI_ResponsibleParty>
  </gmd:contact>
  <gmd:dateStamp>
    <gco:DateTime>2016-02-05T14:43:57</gco:DateTime>
  </gmd:dateStamp>
  <gmd:metadataStandardName>
    <gco:CharacterString>ISO 19115:2003/19139</gco:CharacterString>
  </gmd:metadataStandardName>
  <gmd:metadataStandardVersion>
    <gco:CharacterString>1.0</gco:CharacterString>
  </gmd:metadataStandardVersion>
  <gmd:referenceSystemInfo>
    <gmd:MD_ReferenceSystem>
      <gmd:referenceSystemIdentifier>
        <gmd:RS_Identifier>
          <gmd:code>
            <gco:CharacterString>RGFG95 / UTM zone 22N (EPSG:2972)</gco:CharacterString>
          </gmd:code>
          <gmd:codeSpace>
            <gco:CharacterString>EPSG</gco:CharacterString>
          </gmd:codeSpace>
          <gmd:version>
            <gco:CharacterString>7.9</gco:CharacterString>
          </gmd:version>
        </gmd:RS_Identifier>
      </gmd:referenceSystemIdentifier>
    </gmd:MD_ReferenceSystem>
  </gmd:referenceSystemInfo>
  <gmd:identificationInfo>
    <gmd:MD_DataIdentification>
      <gmd:citation>
        <gmd:CI_Citation>
          <gmd:title>
            <gco:CharacterString>ORTHO-SATELLITE IGN 2011, zone est-3 Camopi Saint Georges 2013 (RVB)</gco:CharacterString>
          </gmd:title>
          <gmd:date>
            <gmd:CI_Date>
              <gmd:date>
                <gco:DateTime>2016-02-02T12:00:00</gco:DateTime>
              </gmd:date>
              <gmd:dateType>
                <gmd:CI_DateTypeCode codeList="http://standards.iso.org/ittf/PubliclyAvailableStandards/ISO_19139_Schemas/resources/codelist/ML_gmxCodelists.xml#CI_DateTypeCode" codeListValue="publication" />
              </gmd:dateType>
            </gmd:CI_Date>
          </gmd:date>
          <gmd:date xmlns:gn="http://www.fao.org/geonetwork" xmlns:srv="http://www.isotc211.org/2005/srv">
            <gmd:CI_Date>
              <gmd:date>
                <gco:DateTime>2012-12-31T00:00:00</gco:DateTime>
              </gmd:date>
              <gmd:dateType>
                <gmd:CI_DateTypeCode codeList="http://standards.iso.org/ittf/PubliclyAvailableStandards/ISO_19139_Schemas/resources/codelist/ML_gmxCodelists.xml#CI_DateTypeCode" codeListValue="creation" />
              </gmd:dateType>
            </gmd:CI_Date>
          </gmd:date>
          <gmd:identifier>
            <gmd:MD_Identifier>
              <gmd:code>
                <gco:CharacterString>http://www.geoguyane.fr/geonetwork/srv/659f4863-c9ef-43a8-9bea-7f5477ad27c6</gco:CharacterString>
              </gmd:code>
            </gmd:MD_Identifier>
          </gmd:identifier>
        </gmd:CI_Citation>
      </gmd:citation>
      <gmd:abstract>
        <gco:CharacterString>Le produit ORTHO-SATELLITE de l'IGN est une base de donnée d'ortho-images satellitaires, dérivées des images acquises par les satellites sub-métriques PLEIADE

La zone 12 représente  la commune de Saint Georges et Camopi.
La qualité est correcte, l'ennuagement plus élevé sur la partie Camopi et à l'Est de Saint Georges.</gco:CharacterString>
      </gmd:abstract>
      <gmd:status>
        <gmd:MD_ProgressCode codeList="http://standards.iso.org/ittf/PubliclyAvailableStandards/ISO_19139_Schemas/resources/codelist/ML_gmxCodelists.xml#MD_ProgressCode" codeListValue="underDevelopment" />
      </gmd:status>
      <gmd:pointOfContact>
        <gmd:CI_ResponsibleParty>
          <gmd:individualName>
            <gco:CharacterString>Institut Géographique National (IGN-F)</gco:CharacterString>
          </gmd:individualName>
          <gmd:organisationName>
            <gco:CharacterString>Institut Géographique National (IGN-F)</gco:CharacterString>
          </gmd:organisationName>
          <gmd:positionName gco:nilReason="missing">
            <gco:CharacterString />
          </gmd:positionName>
          <gmd:contactInfo>
            <gmd:CI_Contact>
              <gmd:address>
                <gmd:CI_Address>
                  <gmd:deliveryPoint>
                    <gco:CharacterString>73 avenue de Paris</gco:CharacterString>
                  </gmd:deliveryPoint>
                  <gmd:city>
                    <gco:CharacterString>SAINT-MANDE cedex</gco:CharacterString>
                  </gmd:city>
                  <gmd:postalCode>
                    <gco:CharacterString>94165</gco:CharacterString>
                  </gmd:postalCode>
                  <gmd:country>
                    <gco:CharacterString>FRANCE</gco:CharacterString>
                  </gmd:country>
                  <gmd:electronicMailAddress>
                    <gco:CharacterString>sav.bd@ign.fr</gco:CharacterString>
                  </gmd:electronicMailAddress>
                </gmd:CI_Address>
              </gmd:address>
            </gmd:CI_Contact>
          </gmd:contactInfo>
          <gmd:role>
            <gmd:CI_RoleCode codeList="http://standards.iso.org/ittf/PubliclyAvailableStandards/ISO_19139_Schemas/resources/codelist/ML_gmxCodelists.xml#CI_RoleCode" codeListValue="owner" />
          </gmd:role>
        </gmd:CI_ResponsibleParty>
      </gmd:pointOfContact>
      <gmd:descriptiveKeywords>
        <gmd:MD_Keywords xmlns:srv="http://www.isotc211.org/2005/srv">
          <gmd:keyword>
            <gco:CharacterString>GUYANE</gco:CharacterString>
          </gmd:keyword>
          <gmd:type>
            <gmd:MD_KeywordTypeCode codeList="http://standards.iso.org/ittf/PubliclyAvailableStandards/ISO_19139_Schemas/resources/codelist/ML_gmxCodelists.xml#MD_KeywordTypeCode" codeListValue="place" />
          </gmd:type>
          <gmd:thesaurusName>
            <gmd:CI_Citation>
              <gmd:title>
                <gco:CharacterString>Régions de France</gco:CharacterString>
              </gmd:title>
              <gmd:date>
                <gmd:CI_Date>
                  <gmd:date>
                    <gco:Date>2006-09-22</gco:Date>
                  </gmd:date>
                  <gmd:dateType>
                    <gmd:CI_DateTypeCode codeList="http://standards.iso.org/ittf/PubliclyAvailableStandards/ISO_19139_Schemas/resources/codelist/ML_gmxCodelists.xml#CI_DateTypeCode" codeListValue="publication" />
                  </gmd:dateType>
                </gmd:CI_Date>
              </gmd:date>
              <gmd:identifier>
                <gmd:MD_Identifier>
                  <gmd:code>
                    <gmx:Anchor xlink:href="http://www.geoguyane.fr/geonetwork/srv/fre/thesaurus.download?ref=external.place.RegionFR">geonetwork.thesaurus.external.place.RegionFR</gmx:Anchor>
                  </gmd:code>
                </gmd:MD_Identifier>
              </gmd:identifier>
            </gmd:CI_Citation>
          </gmd:thesaurusName>
        </gmd:MD_Keywords>
      </gmd:descriptiveKeywords>
      <gmd:descriptiveKeywords>
        <gmd:MD_Keywords>
          <gmd:keyword gco:nilReason="missing">
            <gco:CharacterString />
          </gmd:keyword>
        </gmd:MD_Keywords>
      </gmd:descriptiveKeywords>
      <gmd:descriptiveKeywords>
        <gmd:MD_Keywords xmlns:srv="http://www.isotc211.org/2005/srv">
          <gmd:keyword>
            <gco:CharacterString>Ortho-imagerie</gco:CharacterString>
          </gmd:keyword>
          <gmd:type>
            <gmd:MD_KeywordTypeCode codeList="http://standards.iso.org/ittf/PubliclyAvailableStandards/ISO_19139_Schemas/resources/codelist/ML_gmxCodelists.xml#MD_KeywordTypeCode" codeListValue="theme" />
          </gmd:type>
          <gmd:thesaurusName>
            <gmd:CI_Citation>
              <gmd:title>
                <gco:CharacterString>GEMET - INSPIRE themes, version 1.0</gco:CharacterString>
              </gmd:title>
              <gmd:date>
                <gmd:CI_Date>
                  <gmd:date>
                    <gco:Date>2008-06-01</gco:Date>
                  </gmd:date>
                  <gmd:dateType>
                    <gmd:CI_DateTypeCode codeList="http://standards.iso.org/ittf/PubliclyAvailableStandards/ISO_19139_Schemas/resources/codelist/ML_gmxCodelists.xml#CI_DateTypeCode" codeListValue="publication" />
                  </gmd:dateType>
                </gmd:CI_Date>
              </gmd:date>
              <gmd:identifier>
                <gmd:MD_Identifier>
                  <gmd:code>
                    <gmx:Anchor xlink:href="http://www.geoguyane.fr/geonetwork/srv/fre/thesaurus.download?ref=external.theme.inspire-theme">geonetwork.thesaurus.external.theme.inspire-theme</gmx:Anchor>
                  </gmd:code>
                </gmd:MD_Identifier>
              </gmd:identifier>
            </gmd:CI_Citation>
          </gmd:thesaurusName>
        </gmd:MD_Keywords>
      </gmd:descriptiveKeywords>
      <gmd:descriptiveKeywords>
        <gmd:MD_Keywords>
          <gmd:keyword>
            <gco:CharacterString>REFERENTIELS</gco:CharacterString>
          </gmd:keyword>
          <gmd:keyword>
            <gco:CharacterString>IMAGES_SATELLITES</gco:CharacterString>
          </gmd:keyword>
          <gmd:type>
            <gmd:MD_KeywordTypeCode codeList="http://www.isotc211.org/2005/resources/codeList.xml#MD_KeywordTypeCode" codeListValue="theme" />
          </gmd:type>
        </gmd:MD_Keywords>
      </gmd:descriptiveKeywords>
      <gmd:descriptiveKeywords>
        <gmd:MD_Keywords>
          <gmd:keyword>
            <gco:CharacterString>NATIONAL</gco:CharacterString>
          </gmd:keyword>
          <gmd:keyword>
            <gco:CharacterString>IGN</gco:CharacterString>
          </gmd:keyword>
          <gmd:type>
            <gmd:MD_KeywordTypeCode codeList="http://www.isotc211.org/2005/resources/codeList.xml#MD_KeywordTypeCode" codeListValue="theme" />
          </gmd:type>
        </gmd:MD_Keywords>
      </gmd:descriptiveKeywords>
      <gmd:descriptiveKeywords>
        <gmd:MD_Keywords>
          <gmd:keyword>
            <gco:CharacterString>NIVEAU_DE_DIFFUSION</gco:CharacterString>
          </gmd:keyword>
          <gmd:keyword>
            <gco:CharacterString>GRAND_PUBLIC</gco:CharacterString>
          </gmd:keyword>
          <gmd:type>
            <gmd:MD_KeywordTypeCode codeList="http://www.isotc211.org/2005/resources/codeList.xml#MD_KeywordTypeCode" codeListValue="theme" />
          </gmd:type>
        </gmd:MD_Keywords>
      </gmd:descriptiveKeywords>
      <gmd:resourceConstraints>
        <gmd:MD_LegalConstraints>
          <gmd:useLimitation>
            <gco:CharacterString>Base de donnée soumise aux conditions générales d'utilisation des fichiers IGN</gco:CharacterString>
          </gmd:useLimitation>
          <gmd:accessConstraints>
            <gmd:MD_RestrictionCode codeList="http://standards.iso.org/ittf/PubliclyAvailableStandards/ISO_19139_Schemas/resources/codelist/ML_gmxCodelists.xml#MD_RestrictionCode" codeListValue="otherRestrictions" />
          </gmd:accessConstraints>
          <gmd:useConstraints>
            <gmd:MD_RestrictionCode codeList="http://standards.iso.org/ittf/PubliclyAvailableStandards/ISO_19139_Schemas/resources/codelist/ML_gmxCodelists.xml#MD_RestrictionCode" codeListValue="copyright" />
          </gmd:useConstraints>
          <gmd:otherConstraints>
            <gco:CharacterString>L'ORTHO-SATELLITE 2011 est une composante du RGG. Elle est accessible aux ayants droit publics des référentiels de l'IGN et aux organismes bénéficiaires d'une convention ministérielle (SINP).</gco:CharacterString>
          </gmd:otherConstraints>
        </gmd:MD_LegalConstraints>
      </gmd:resourceConstraints>
      <gmd:resourceConstraints>
        <gmd:MD_SecurityConstraints>
          <gmd:classification>
            <gmd:MD_ClassificationCode codeList="http://standards.iso.org/ittf/PubliclyAvailableStandards/ISO_19139_Schemas/resources/codelist/ML_gmxCodelists.xml#MD_ClassificationCode" codeListValue="unclassified" />
          </gmd:classification>
          <gmd:userNote gco:nilReason="missing">
            <gco:CharacterString />
          </gmd:userNote>
        </gmd:MD_SecurityConstraints>
      </gmd:resourceConstraints>
      <gmd:spatialRepresentationType>
        <gmd:MD_SpatialRepresentationTypeCode codeList="http://standards.iso.org/ittf/PubliclyAvailableStandards/ISO_19139_Schemas/resources/codelist/ML_gmxCodelists.xml#MD_SpatialRepresentationTypeCode" codeListValue="grid" />
      </gmd:spatialRepresentationType>
      <gmd:spatialResolution>
        <gmd:MD_Resolution>
          <gmd:distance>
            <gco:Distance uom="m">0.5</gco:Distance>
          </gmd:distance>
        </gmd:MD_Resolution>
      </gmd:spatialResolution>
      <gmd:language>
        <gco:CharacterString>fre</gco:CharacterString>
      </gmd:language>
      <gmd:characterSet>
        <gmd:MD_CharacterSetCode codeList="http://standards.iso.org/ittf/PubliclyAvailableStandards/ISO_19139_Schemas/resources/codelist/ML_gmxCodelists.xml#MD_CharacterSetCode" codeListValue="utf8" />
      </gmd:characterSet>
      <gmd:topicCategory>
        <gmd:MD_TopicCategoryCode>imageryBaseMapsEarthCover</gmd:MD_TopicCategoryCode>
      </gmd:topicCategory>
      <gmd:extent>
        <gmd:EX_Extent>
          <gmd:description>
            <gco:CharacterString>10 zones au total.
- Disponible au 1er juillet 2012 : 5 Kaw (RVB), 6 Régina (RVB), 7 St Georges (RVB), 9 Maripasoula (RVB), 10 Grand Santi (RVB).
- Disponible au 1er novembre 2012 : 4 Cayenne Kourou (RVB), 6 Régina (IR), 9 Maripasoula (IR).
- Disponible au 1er février 2013 : 8 Saül (RVB et IR).
- Disponible au 1er juin 2013 : 1 St Laurent (RVB et IR)
- Disponible au 1er août 2013 : 5 Kaw (IR), 7 St Georges (IR), 10 Grand Santi (IR), 4 Cayenne Kourou (IR).</gco:CharacterString>
          </gmd:description>
          <gmd:geographicElement>
            <gmd:EX_GeographicBoundingBox>
              <gmd:westBoundLongitude>
                <gco:Decimal>-52.26</gco:Decimal>
              </gmd:westBoundLongitude>
              <gmd:eastBoundLongitude>
                <gco:Decimal>-51.79</gco:Decimal>
              </gmd:eastBoundLongitude>
              <gmd:southBoundLatitude>
                <gco:Decimal>3.2</gco:Decimal>
              </gmd:southBoundLatitude>
              <gmd:northBoundLatitude>
                <gco:Decimal>3.96</gco:Decimal>
              </gmd:northBoundLatitude>
            </gmd:EX_GeographicBoundingBox>
          </gmd:geographicElement>
          <gmd:temporalElement xmlns:gn="http://www.fao.org/geonetwork" xmlns:srv="http://www.isotc211.org/2005/srv">
            <gmd:EX_TemporalExtent>
              <gmd:extent>
                <gml:TimePeriod gml:id="d929773e398a1050910">
                  <gml:beginPosition>2013-07-11T00:00:00</gml:beginPosition>
                  <gml:endPosition indeterminatePosition="after">2013-12-31T00:00:00</gml:endPosition>
                </gml:TimePeriod>
              </gmd:extent>
            </gmd:EX_TemporalExtent>
          </gmd:temporalElement>
        </gmd:EX_Extent>
      </gmd:extent>
      <gmd:supplementalInformation>
        <gco:CharacterString>La BD ORTHO® se compose d'images numériques (sans habillage ni surcharge) et d'indications de géoréférencement. Le contenu informationnel permet localement une utilisation jusqu'au 1 :2,000ième pour mettre en valeur le territoire, enrichir la visualisation des données et des projets.
Le produit BD ORTHO® 2011 est livrable au format TIFF (Tagged Image File Format) en dalles de 1 km x 1km, ou au format ECW (Enhanced Compressed Wavelet). Le format ECW a été généré par la DEAL, avec une dalle unique par zone.</gco:CharacterString>
      </gmd:supplementalInformation>
      <gmd:graphicOverview>
        <gmd:MD_BrowseGraphic>
          <gmd:fileName>
            <gco:CharacterString>http://www.geoguyane.fr/geonetwork/srv/fre/resources.get?uuid=659f4863-c9ef-43a8-9bea-7f5477ad27c6&amp;fname=997363_large_20047.png</gco:CharacterString>
          </gmd:fileName>
          <gmd:fileDescription>
            <gco:CharacterString>large_thumbnail</gco:CharacterString>
          </gmd:fileDescription>
          <gmd:fileType>
            <gco:CharacterString>png</gco:CharacterString>
          </gmd:fileType>
        </gmd:MD_BrowseGraphic>
      </gmd:graphicOverview>
      <gmd:graphicOverview>
        <gmd:MD_BrowseGraphic>
          <gmd:fileName>
            <gco:CharacterString>http://www.geoguyane.fr/geonetwork/srv/fre/resources.get?uuid=659f4863-c9ef-43a8-9bea-7f5477ad27c6&amp;fname=997363_small_72496.png</gco:CharacterString>
          </gmd:fileName>
          <gmd:fileDescription>
            <gco:CharacterString>thumbnail</gco:CharacterString>
          </gmd:fileDescription>
          <gmd:fileType>
            <gco:CharacterString>png</gco:CharacterString>
          </gmd:fileType>
        </gmd:MD_BrowseGraphic>
      </gmd:graphicOverview>
    </gmd:MD_DataIdentification>
  </gmd:identificationInfo>
  <gmd:dataQualityInfo>
    <gmd:DQ_DataQuality>
      <gmd:scope>
        <gmd:DQ_Scope>
          <gmd:level>
            <gmd:MD_ScopeCode codeList="http://standards.iso.org/ittf/PubliclyAvailableStandards/ISO_19139_Schemas/resources/codelist/ML_gmxCodelists.xml#MD_ScopeCode" codeListValue="dataset" />
          </gmd:level>
        </gmd:DQ_Scope>
      </gmd:scope>
      <gmd:lineage>
        <gmd:LI_Lineage>
          <gmd:statement>
            <gco:CharacterString>L'ORTHO-SATELLITEIGN 2011 de Guyane a été constituée à partir d'images satellitaires de très haute résolution des satellites  Pléiade. Les acquisitions ont été réalisées en 2013 pour cette série  (Pléiade).</gco:CharacterString>
          </gmd:statement>
        </gmd:LI_Lineage>
      </gmd:lineage>
    </gmd:DQ_DataQuality>
  </gmd:dataQualityInfo>
</gmd:MD_Metadata>