<?xml version="1.0" encoding="UTF-8"?>

<gmd:MD_Metadata xmlns:gmd="http://www.isotc211.org/2005/gmd" xmlns:xsi="http://www.w3.org/2001/XMLSchema-instance" xmlns:fra="http://www.cnig.gouv.fr/2005/fra" xmlns:gco="http://www.isotc211.org/2005/gco" xmlns:gts="http://www.isotc211.org/2005/gts" xmlns:gml="http://www.opengis.net/gml" xmlns:gmx="http://www.isotc211.org/2005/gmx" xmlns:xlink="http://www.w3.org/1999/xlink" xmlns:geonet="http://www.fao.org/geonetwork">
  <gmd:fileIdentifier>
    <gco:CharacterString>6689b801-1a91-4cf2-a869-7c62a50f69e6</gco:CharacterString>
  </gmd:fileIdentifier>
  <gmd:language>
    <gco:CharacterString>fre</gco:CharacterString>
  </gmd:language>
  <gmd:characterSet>
    <gmd:MD_CharacterSetCode codeList="http://standards.iso.org/ittf/PubliclyAvailableStandards/ISO_19139_Schemas/resources/Codelist/ML_gmxCodelists.xml#MD_CharacterSetCode" codeListValue="utf8" />
  </gmd:characterSet>
  <gmd:parentIdentifier>
    <gco:CharacterString>1abc7901-1e49-4486-83f6-c86cae90c83b</gco:CharacterString>
  </gmd:parentIdentifier>
  <gmd:hierarchyLevel>
    <gmd:MD_ScopeCode codeList="http://standards.iso.org/ittf/PubliclyAvailableStandards/ISO_19139_Schemas/resources/Codelist/ML_gmxCodelists.xml#MD_ScopeCode" codeListValue="dataset" />
  </gmd:hierarchyLevel>
  <gmd:contact>
    <gmd:CI_ResponsibleParty>
      <gmd:individualName>
        <gco:CharacterString>RUELLE Boris</gco:CharacterString>
      </gmd:individualName>
      <gmd:organisationName>
        <gco:CharacterString>AUDeG</gco:CharacterString>
      </gmd:organisationName>
      <gmd:positionName>
        <gco:CharacterString>Géomaticien</gco:CharacterString>
      </gmd:positionName>
      <gmd:contactInfo>
        <gmd:CI_Contact>
          <gmd:phone>
            <gmd:CI_Telephone>
              <gmd:voice>
                <gco:CharacterString>05.94.28.49.20</gco:CharacterString>
              </gmd:voice>
              <gmd:facsimile>
                <gco:CharacterString>05.94.28.69.72</gco:CharacterString>
              </gmd:facsimile>
            </gmd:CI_Telephone>
          </gmd:phone>
          <gmd:address>
            <gmd:CI_Address>
              <gmd:deliveryPoint>
                <gco:CharacterString>Rond Point Mirza</gco:CharacterString>
              </gmd:deliveryPoint>
              <gmd:city>
                <gco:CharacterString>CAYENNE</gco:CharacterString>
              </gmd:city>
              <gmd:administrativeArea gco:nilReason="missing">
                <gco:CharacterString />
              </gmd:administrativeArea>
              <gmd:postalCode>
                <gco:CharacterString>97300</gco:CharacterString>
              </gmd:postalCode>
              <gmd:country gco:nilReason="missing">
                <gco:CharacterString />
              </gmd:country>
              <gmd:electronicMailAddress>
                <gco:CharacterString>boris.ruelle@audeg.fr</gco:CharacterString>
              </gmd:electronicMailAddress>
            </gmd:CI_Address>
          </gmd:address>
        </gmd:CI_Contact>
      </gmd:contactInfo>
      <gmd:role>
        <gmd:CI_RoleCode codeList="http://standards.iso.org/ittf/PubliclyAvailableStandards/ISO_19139_Schemas/resources/Codelist/ML_gmxCodelists.xml#CI_RoleCode" codeListValue="author" />
      </gmd:role>
    </gmd:CI_ResponsibleParty>
  </gmd:contact>
  <gmd:dateStamp>
    <gco:DateTime>2014-07-01T17:28:11</gco:DateTime>
  </gmd:dateStamp>
  <gmd:metadataStandardName>
    <gco:CharacterString>ISO 19115:2003/19139</gco:CharacterString>
  </gmd:metadataStandardName>
  <gmd:metadataStandardVersion>
    <gco:CharacterString>1.0</gco:CharacterString>
  </gmd:metadataStandardVersion>
  <gmd:referenceSystemInfo>
    <gmd:MD_ReferenceSystem>
      <gmd:referenceSystemIdentifier>
        <gmd:RS_Identifier>
          <gmd:code>
            <gco:CharacterString>RGFG95 / UTM zone 22N (EPSG:2972)</gco:CharacterString>
          </gmd:code>
          <gmd:codeSpace>
            <gco:CharacterString>EPSG</gco:CharacterString>
          </gmd:codeSpace>
          <gmd:version>
            <gco:CharacterString>7.9</gco:CharacterString>
          </gmd:version>
        </gmd:RS_Identifier>
      </gmd:referenceSystemIdentifier>
    </gmd:MD_ReferenceSystem>
  </gmd:referenceSystemInfo>
  <gmd:identificationInfo>
    <gmd:MD_DataIdentification>
      <gmd:citation>
        <gmd:CI_Citation>
          <gmd:title>
            <gco:CharacterString>Terrains publics aménageables sur Rémire-Montjoly (2007) - limite des secteurs</gco:CharacterString>
          </gmd:title>
          <gmd:date>
            <gmd:CI_Date>
              <gmd:date>
                <gco:DateTime>2014-06-24T16:39:00</gco:DateTime>
              </gmd:date>
              <gmd:dateType>
                <gmd:CI_DateTypeCode codeList="http://standards.iso.org/ittf/PubliclyAvailableStandards/ISO_19139_Schemas/resources/Codelist/ML_gmxCodelists.xml#CI_DateTypeCode" codeListValue="revision" />
              </gmd:dateType>
            </gmd:CI_Date>
          </gmd:date>
          <gmd:date>
            <gmd:CI_Date>
              <gmd:date>
                <gco:Date>2011-11-24</gco:Date>
              </gmd:date>
              <gmd:dateType>
                <gmd:CI_DateTypeCode codeList="http://standards.iso.org/ittf/PubliclyAvailableStandards/ISO_19139_Schemas/resources/Codelist/ML_gmxCodelists.xml#CI_DateTypeCode" codeListValue="publication" />
              </gmd:dateType>
            </gmd:CI_Date>
          </gmd:date>
          <gmd:identifier>
            <gmd:MD_Identifier>
              <gmd:code>
                <gco:CharacterString>http://catalogue.geoguyane.fr/geonetwork/srv/6689b801-1a91-4cf2-a869-7c62a50f69e6</gco:CharacterString>
              </gmd:code>
            </gmd:MD_Identifier>
          </gmd:identifier>
        </gmd:CI_Citation>
      </gmd:citation>
      <gmd:abstract>
        <gco:CharacterString>Limite des secteurs de l'étude de recensement (phase 1) des terrains publics non occupés et libres (ou avec de faibles) contraintes réglementaires pour l'aménagement.

A noter que l'étude s'est décomposée en 2 phases : la phase 1 a permis d'identifier les terrains disponibles et la phase 2 a consisté à mener des investigations terrains sur les secteurs prioritaires identifiés par la DDE pour dresser les contraintes de sites.

Le rapport d'analyse contenant une description générale sur la commune de Rémire-Montjoly est disponible en téléchargement sur le site de l'AUDeG :
http://www.audeg.fr/ressources/zoom_ressource.asp?id=39&amp;srub=3&amp;ssrub=1

Le rapport contenant des fiches signalétiques sur chaque secteur est également disponible en téléchargement sur le site de l'AUDeG :
http://www.audeg.fr/ressources/zoom_ressource.asp?id=40&amp;srub=3&amp;ssrub=1</gco:CharacterString>
      </gmd:abstract>
      <gmd:purpose gco:nilReason="missing">
        <gco:CharacterString />
      </gmd:purpose>
      <gmd:pointOfContact>
        <gmd:CI_ResponsibleParty>
          <gmd:individualName>
            <gco:CharacterString>GUIRADO Juliette</gco:CharacterString>
          </gmd:individualName>
          <gmd:organisationName>
            <gco:CharacterString>AUDeG</gco:CharacterString>
          </gmd:organisationName>
          <gmd:contactInfo>
            <gmd:CI_Contact>
              <gmd:phone>
                <gmd:CI_Telephone>
                  <gmd:voice>
                    <gco:CharacterString>05.94.28.49.20</gco:CharacterString>
                  </gmd:voice>
                </gmd:CI_Telephone>
              </gmd:phone>
              <gmd:address>
                <gmd:CI_Address>
                  <gmd:electronicMailAddress>
                    <gco:CharacterString>juliette.guirado@audeg.fr</gco:CharacterString>
                  </gmd:electronicMailAddress>
                </gmd:CI_Address>
              </gmd:address>
            </gmd:CI_Contact>
          </gmd:contactInfo>
          <gmd:role>
            <gmd:CI_RoleCode codeList="http://standards.iso.org/ittf/PubliclyAvailableStandards/ISO_19139_Schemas/resources/Codelist/ML_gmxCodelists.xml#CI_RoleCode" codeListValue="owner" />
          </gmd:role>
        </gmd:CI_ResponsibleParty>
      </gmd:pointOfContact>
      <gmd:pointOfContact>
        <gmd:CI_ResponsibleParty>
          <gmd:individualName>
            <gco:CharacterString>RUELLE Boris</gco:CharacterString>
          </gmd:individualName>
          <gmd:organisationName>
            <gco:CharacterString>AUDeG</gco:CharacterString>
          </gmd:organisationName>
          <gmd:positionName>
            <gco:CharacterString>Géomaticien</gco:CharacterString>
          </gmd:positionName>
          <gmd:contactInfo>
            <gmd:CI_Contact>
              <gmd:address>
                <gmd:CI_Address>
                  <gmd:deliveryPoint>
                    <gco:CharacterString>Rond Point Mirza</gco:CharacterString>
                  </gmd:deliveryPoint>
                  <gmd:city>
                    <gco:CharacterString>CAYENNE</gco:CharacterString>
                  </gmd:city>
                  <gmd:postalCode>
                    <gco:CharacterString>97300</gco:CharacterString>
                  </gmd:postalCode>
                  <gmd:country gco:nilReason="missing">
                    <gco:CharacterString />
                  </gmd:country>
                  <gmd:electronicMailAddress>
                    <gco:CharacterString>boris.ruelle@audeg.fr</gco:CharacterString>
                  </gmd:electronicMailAddress>
                </gmd:CI_Address>
              </gmd:address>
            </gmd:CI_Contact>
          </gmd:contactInfo>
          <gmd:role>
            <gmd:CI_RoleCode codeList="http://standards.iso.org/ittf/PubliclyAvailableStandards/ISO_19139_Schemas/resources/Codelist/ML_gmxCodelists.xml#CI_RoleCode" codeListValue="custodian" />
          </gmd:role>
        </gmd:CI_ResponsibleParty>
      </gmd:pointOfContact>
      <gmd:graphicOverview>
        <gmd:MD_BrowseGraphic>
          <gmd:fileName>
            <gco:CharacterString>91227_large_23833.png</gco:CharacterString>
          </gmd:fileName>
          <gmd:fileDescription>
            <gco:CharacterString>large_thumbnail</gco:CharacterString>
          </gmd:fileDescription>
          <gmd:fileType>
            <gco:CharacterString>png</gco:CharacterString>
          </gmd:fileType>
        </gmd:MD_BrowseGraphic>
      </gmd:graphicOverview>
      <gmd:graphicOverview>
        <gmd:MD_BrowseGraphic>
          <gmd:fileName>
            <gco:CharacterString>91227_small_1946.png</gco:CharacterString>
          </gmd:fileName>
          <gmd:fileDescription>
            <gco:CharacterString>thumbnail</gco:CharacterString>
          </gmd:fileDescription>
          <gmd:fileType>
            <gco:CharacterString>png</gco:CharacterString>
          </gmd:fileType>
        </gmd:MD_BrowseGraphic>
      </gmd:graphicOverview>
      <gmd:descriptiveKeywords>
        <gmd:MD_Keywords xmlns:srv="http://www.isotc211.org/2005/srv">
          <gmd:keyword>
            <gco:CharacterString>GUYANE</gco:CharacterString>
          </gmd:keyword>
          <gmd:type>
            <gmd:MD_KeywordTypeCode codeList="http://www.isotc211.org/2005/resources/codeList.xml#MD_KeywordTypeCode" codeListValue="place" />
          </gmd:type>
          <gmd:thesaurusName>
            <gmd:CI_Citation>
              <gmd:title>
                <gco:CharacterString>Régions de France</gco:CharacterString>
              </gmd:title>
              <gmd:date>
                <gmd:CI_Date>
                  <gmd:date>
                    <gco:Date>2006-09-22</gco:Date>
                  </gmd:date>
                  <gmd:dateType>
                    <gmd:CI_DateTypeCode codeList="http://standards.iso.org/ittf/PubliclyAvailableStandards/ISO_19139_Schemas/resources/Codelist/ML_gmxCodelists.xml#CI_DateTypeCode" codeListValue="publication" />
                  </gmd:dateType>
                </gmd:CI_Date>
              </gmd:date>
              <gmd:identifier>
                <gmd:MD_Identifier>
                  <gmd:code>
                    <gmx:Anchor xlink:href="http://www.geoguyane.fr/geonetwork/srv/fre/thesaurus.download?ref=external.place.RegionFR">geonetwork.thesaurus.external.place.RegionFR</gmx:Anchor>
                  </gmd:code>
                </gmd:MD_Identifier>
              </gmd:identifier>
            </gmd:CI_Citation>
          </gmd:thesaurusName>
        </gmd:MD_Keywords>
      </gmd:descriptiveKeywords>
      <gmd:descriptiveKeywords>
        <gmd:MD_Keywords xmlns:srv="http://www.isotc211.org/2005/srv">
          <gmd:keyword>
            <gco:CharacterString>Parcelles cadastrales</gco:CharacterString>
          </gmd:keyword>
          <gmd:type>
            <gmd:MD_KeywordTypeCode codeList="http://standards.iso.org/ittf/PubliclyAvailableStandards/ISO_19139_Schemas/resources/Codelist/ML_gmxCodelists.xml#MD_KeywordTypeCode" codeListValue="theme" />
          </gmd:type>
          <gmd:thesaurusName>
            <gmd:CI_Citation>
              <gmd:title>
                <gco:CharacterString>INSPIRE inspires</gco:CharacterString>
              </gmd:title>
              <gmd:date>
                <gmd:CI_Date>
                  <gmd:date>
                    <gco:DateTime>2014-06-13T11:31:15</gco:DateTime>
                  </gmd:date>
                  <gmd:dateType>
                    <gmd:CI_DateTypeCode codeList="http://standards.iso.org/ittf/PubliclyAvailableStandards/ISO_19139_Schemas/resources/Codelist/ML_gmxCodelists.xml#CI_DateTypeCode" codeListValue="publication" />
                  </gmd:dateType>
                </gmd:CI_Date>
              </gmd:date>
              <gmd:identifier>
                <gmd:MD_Identifier>
                  <gmd:code>
                    <gco:CharacterString>geonetwork.thesaurus.external.theme.inspire</gco:CharacterString>
                  </gmd:code>
                </gmd:MD_Identifier>
              </gmd:identifier>
            </gmd:CI_Citation>
          </gmd:thesaurusName>
        </gmd:MD_Keywords>
      </gmd:descriptiveKeywords>
      <gmd:descriptiveKeywords>
        <gmd:MD_Keywords>
          <gmd:keyword>
            <gco:CharacterString>AMENAGEMENT_URBANISME</gco:CharacterString>
          </gmd:keyword>
          <gmd:keyword>
            <gco:CharacterString>ZONAGES_ETUDE</gco:CharacterString>
          </gmd:keyword>
          <gmd:type>
            <gmd:MD_KeywordTypeCode codeList="http://www.isotc211.org/2005/resources/codeList.xml#MD_KeywordTypeCode" codeListValue="theme" />
          </gmd:type>
        </gmd:MD_Keywords>
      </gmd:descriptiveKeywords>
      <gmd:descriptiveKeywords>
        <gmd:MD_Keywords>
          <gmd:keyword>
            <gco:CharacterString>HABITAT_POLITIQUE_DE_LA_VILLE</gco:CharacterString>
          </gmd:keyword>
          <gmd:keyword>
            <gco:CharacterString>POLITIQUE</gco:CharacterString>
          </gmd:keyword>
          <gmd:type>
            <gmd:MD_KeywordTypeCode codeList="http://www.isotc211.org/2005/resources/codeList.xml#MD_KeywordTypeCode" codeListValue="theme" />
          </gmd:type>
        </gmd:MD_Keywords>
      </gmd:descriptiveKeywords>
      <gmd:descriptiveKeywords>
        <gmd:MD_Keywords>
          <gmd:keyword>
            <gco:CharacterString>GUYANE</gco:CharacterString>
          </gmd:keyword>
          <gmd:keyword>
            <gco:CharacterString>AUDEG</gco:CharacterString>
          </gmd:keyword>
          <gmd:type>
            <gmd:MD_KeywordTypeCode codeList="http://www.isotc211.org/2005/resources/codeList.xml#MD_KeywordTypeCode" codeListValue="theme" />
          </gmd:type>
        </gmd:MD_Keywords>
      </gmd:descriptiveKeywords>
      <gmd:descriptiveKeywords>
        <gmd:MD_Keywords>
          <gmd:keyword>
            <gco:CharacterString>NIVEAU_DE_DIFFUSION</gco:CharacterString>
          </gmd:keyword>
          <gmd:keyword>
            <gco:CharacterString>GRAND_PUBLIC</gco:CharacterString>
          </gmd:keyword>
          <gmd:type>
            <gmd:MD_KeywordTypeCode codeList="http://www.isotc211.org/2005/resources/codeList.xml#MD_KeywordTypeCode" codeListValue="theme" />
          </gmd:type>
        </gmd:MD_Keywords>
      </gmd:descriptiveKeywords>
      <gmd:resourceConstraints>
        <gmd:MD_LegalConstraints>
          <gmd:useLimitation gco:nilReason="missing">
            <gco:CharacterString />
          </gmd:useLimitation>
          <gmd:accessConstraints>
            <gmd:MD_RestrictionCode codeList="http://standards.iso.org/ittf/PubliclyAvailableStandards/ISO_19139_Schemas/resources/Codelist/ML_gmxCodelists.xml#MD_RestrictionCode" codeListValue="restricted" />
          </gmd:accessConstraints>
          <gmd:useConstraints>
            <gmd:MD_RestrictionCode codeList="http://standards.iso.org/ittf/PubliclyAvailableStandards/ISO_19139_Schemas/resources/Codelist/ML_gmxCodelists.xml#MD_RestrictionCode" codeListValue="copyright" />
          </gmd:useConstraints>
          <gmd:otherConstraints gco:nilReason="missing">
            <gco:CharacterString />
          </gmd:otherConstraints>
        </gmd:MD_LegalConstraints>
      </gmd:resourceConstraints>
      <gmd:resourceConstraints>
        <gmd:MD_SecurityConstraints>
          <gmd:classification>
            <gmd:MD_ClassificationCode codeList="http://standards.iso.org/ittf/PubliclyAvailableStandards/ISO_19139_Schemas/resources/Codelist/ML_gmxCodelists.xml#MD_ClassificationCode" codeListValue="unclassified" />
          </gmd:classification>
          <gmd:userNote gco:nilReason="missing">
            <gco:CharacterString />
          </gmd:userNote>
        </gmd:MD_SecurityConstraints>
      </gmd:resourceConstraints>
      <gmd:spatialRepresentationType>
        <gmd:MD_SpatialRepresentationTypeCode codeList="http://standards.iso.org/ittf/PubliclyAvailableStandards/ISO_19139_Schemas/resources/Codelist/ML_gmxCodelists.xml#MD_SpatialRepresentationTypeCode" codeListValue="vector" />
      </gmd:spatialRepresentationType>
      <gmd:spatialResolution>
        <gmd:MD_Resolution>
          <gmd:equivalentScale>
            <gmd:MD_RepresentativeFraction>
              <gmd:denominator>
                <gco:Integer>5000</gco:Integer>
              </gmd:denominator>
            </gmd:MD_RepresentativeFraction>
          </gmd:equivalentScale>
        </gmd:MD_Resolution>
      </gmd:spatialResolution>
      <gmd:spatialResolution>
        <gmd:MD_Resolution>
          <gmd:distance />
        </gmd:MD_Resolution>
      </gmd:spatialResolution>
      <gmd:language>
        <gco:CharacterString>fre</gco:CharacterString>
      </gmd:language>
      <gmd:characterSet>
        <gmd:MD_CharacterSetCode codeList="http://standards.iso.org/ittf/PubliclyAvailableStandards/ISO_19139_Schemas/resources/Codelist/ML_gmxCodelists.xml#MD_CharacterSetCode" codeListValue="utf8" />
      </gmd:characterSet>
      <gmd:topicCategory>
        <gmd:MD_TopicCategoryCode>planningCadastre</gmd:MD_TopicCategoryCode>
      </gmd:topicCategory>
      <gmd:extent>
        <gmd:EX_Extent>
          <gmd:description gco:nilReason="missing">
            <gco:CharacterString />
          </gmd:description>
          <gmd:geographicElement>
            <gmd:EX_GeographicBoundingBox>
              <gmd:westBoundLongitude>
                <gco:Decimal>-54</gco:Decimal>
              </gmd:westBoundLongitude>
              <gmd:eastBoundLongitude>
                <gco:Decimal>-49.060</gco:Decimal>
              </gmd:eastBoundLongitude>
              <gmd:southBoundLatitude>
                <gco:Decimal>2.160</gco:Decimal>
              </gmd:southBoundLatitude>
              <gmd:northBoundLatitude>
                <gco:Decimal>9.060</gco:Decimal>
              </gmd:northBoundLatitude>
            </gmd:EX_GeographicBoundingBox>
          </gmd:geographicElement>
        </gmd:EX_Extent>
      </gmd:extent>
      <gmd:supplementalInformation gco:nilReason="missing">
        <gco:CharacterString />
      </gmd:supplementalInformation>
    </gmd:MD_DataIdentification>
  </gmd:identificationInfo>
  <gmd:contentInfo xmlns:srv="http://www.isotc211.org/2005/srv" xmlns:date="http://exslt.org/dates-and-times">
    <gmd:MD_FeatureCatalogueDescription>
      <gmd:includedWithDataset />
      <gmd:featureCatalogueCitation uuidref="15c52b28-2e13-4060-b9ae-e684bfbe8697" xlink:href="http://catalogue.geoguyane.fr/geonetwork/srv/fre/csw?service=CSW&amp;request=GetRecordById&amp;version=2.0.2&amp;outputSchema=http://www.isotc211.org/2005/gmd&amp;elementSetName=full&amp;id=15c52b28-2e13-4060-b9ae-e684bfbe8697" />
    </gmd:MD_FeatureCatalogueDescription>
  </gmd:contentInfo>
  <gmd:distributionInfo>
    <gmd:MD_Distribution>
      <gmd:transferOptions>
        <gmd:MD_DigitalTransferOptions>
          <gmd:onLine>
            <gmd:CI_OnlineResource>
              <gmd:linkage>
                <gmd:URL>http://carto.geoguyane.fr/cgi-bin/mapserv?</gmd:URL>
              </gmd:linkage>
              <gmd:protocol>
                <gco:CharacterString>OGC:WMS-1.1.1-http-get-map</gco:CharacterString>
              </gmd:protocol>
              <gmd:name>
                <gco:CharacterString>Recensementterrainspublicsamen</gco:CharacterString>
              </gmd:name>
            </gmd:CI_OnlineResource>
          </gmd:onLine>
          <gmd:onLine>
            <gmd:CI_OnlineResource>
              <gmd:linkage>
                <gmd:URL>http://carto.geoguyane.fr/cgi-bin/mapservwfs?</gmd:URL>
              </gmd:linkage>
              <gmd:protocol>
                <gco:CharacterString>OGC:WFS-1.0.0-http-get-capabilities</gco:CharacterString>
              </gmd:protocol>
              <gmd:name>
                <gco:CharacterString>Recensementterrainspublicsamen</gco:CharacterString>
              </gmd:name>
            </gmd:CI_OnlineResource>
          </gmd:onLine>
        </gmd:MD_DigitalTransferOptions>
      </gmd:transferOptions>
      <gmd:transferOptions>
        <gmd:MD_DigitalTransferOptions>
          <gmd:onLine>
            <gmd:CI_OnlineResource>
              <gmd:linkage>
                <gmd:URL>http://www.geoguyane.fr/PRRA/panierDownloadFrontal_parametrage.php?LAYERIDTS=90822</gmd:URL>
              </gmd:linkage>
              <gmd:protocol>
                <gco:CharacterString>WWW:DOWNLOAD-1.0-http--download</gco:CharacterString>
              </gmd:protocol>
            </gmd:CI_OnlineResource>
          </gmd:onLine>
        </gmd:MD_DigitalTransferOptions>
      </gmd:transferOptions>
      <gmd:transferOptions>
        <gmd:MD_DigitalTransferOptions>
          <gmd:onLine>
            <gmd:CI_OnlineResource>
              <gmd:linkage>
                <gmd:URL>http://www.geoguyane.fr/PRRA/panierDownloadFrontal_parametrage.php?LAYERIDTS=91227</gmd:URL>
              </gmd:linkage>
              <gmd:protocol>
                <gco:CharacterString>WWW:DOWNLOAD-1.0-http--download</gco:CharacterString>
              </gmd:protocol>
            </gmd:CI_OnlineResource>
          </gmd:onLine>
        </gmd:MD_DigitalTransferOptions>
      </gmd:transferOptions>
      <gmd:transferOptions>
        <gmd:MD_DigitalTransferOptions>
          <gmd:onLine>
            <gmd:CI_OnlineResource>
              <gmd:linkage>
                <gmd:URL>http://catalogue.geoguyane.fr/PRRA/atomfeed/atomdataset.php?uuid=6689b801-1a91-4cf2-a869-7c62a50f69e6</gmd:URL>
              </gmd:linkage>
              <gmd:protocol>
                <gco:CharacterString>WWW:LINK-1.0-http--link</gco:CharacterString>
              </gmd:protocol>
              <gmd:name>
                <gco:CharacterString>Téléchargement direct des données</gco:CharacterString>
              </gmd:name>
            </gmd:CI_OnlineResource>
          </gmd:onLine>
        </gmd:MD_DigitalTransferOptions>
      </gmd:transferOptions>
    </gmd:MD_Distribution>
  </gmd:distributionInfo>
  <gmd:dataQualityInfo>
    <gmd:DQ_DataQuality>
      <gmd:scope>
        <gmd:DQ_Scope>
          <gmd:level>
            <gmd:MD_ScopeCode codeList="http://standards.iso.org/ittf/PubliclyAvailableStandards/ISO_19139_Schemas/resources/Codelist/ML_gmxCodelists.xml#MD_ScopeCode" codeListValue="dataset" />
          </gmd:level>
        </gmd:DQ_Scope>
      </gmd:scope>
      <gmd:lineage>
        <gmd:LI_Lineage>
          <gmd:statement>
            <gco:CharacterString>Document validé par la DDE</gco:CharacterString>
          </gmd:statement>
          <gmd:source>
            <gmd:LI_Source>
              <gmd:description gco:nilReason="missing">
                <gco:CharacterString />
              </gmd:description>
            </gmd:LI_Source>
          </gmd:source>
        </gmd:LI_Lineage>
      </gmd:lineage>
    </gmd:DQ_DataQuality>
  </gmd:dataQualityInfo>
</gmd:MD_Metadata>