<?xml version="1.0" encoding="UTF-8"?>

<gmd:MD_Metadata xmlns:gmd="http://www.isotc211.org/2005/gmd" xmlns:xsi="http://www.w3.org/2001/XMLSchema-instance" xmlns:fra="http://www.cnig.gouv.fr/2005/fra" xmlns:gco="http://www.isotc211.org/2005/gco" xmlns:gts="http://www.isotc211.org/2005/gts" xmlns:gml="http://www.opengis.net/gml" xmlns:gmx="http://www.isotc211.org/2005/gmx" xmlns:xlink="http://www.w3.org/1999/xlink" xmlns:geonet="http://www.fao.org/geonetwork">
  <gmd:fileIdentifier>
    <gco:CharacterString>6b5449c4-d6aa-42ea-8834-86b1d7bf50a5</gco:CharacterString>
  </gmd:fileIdentifier>
  <gmd:language>
    <gco:CharacterString>fre</gco:CharacterString>
  </gmd:language>
  <gmd:characterSet>
    <gmd:MD_CharacterSetCode codeList="http://standards.iso.org/ittf/PubliclyAvailableStandards/ISO_19139_Schemas/resources/codelist/ML_gmxCodelists.xml#MD_CharacterSetCode" codeListValue="utf8" />
  </gmd:characterSet>
  <gmd:parentIdentifier>
    <gco:CharacterString>b2e62452-c2e5-4fa2-b662-bb3b9b11ec53</gco:CharacterString>
  </gmd:parentIdentifier>
  <gmd:hierarchyLevel>
    <gmd:MD_ScopeCode codeList="http://standards.iso.org/ittf/PubliclyAvailableStandards/ISO_19139_Schemas/resources/codelist/ML_gmxCodelists.xml#MD_ScopeCode" codeListValue="dataset" />
  </gmd:hierarchyLevel>
  <gmd:contact>
    <gmd:CI_ResponsibleParty>
      <gmd:individualName>
        <gco:CharacterString>Chef de l'unité Information géographique et diffusion de la connaissance</gco:CharacterString>
      </gmd:individualName>
      <gmd:organisationName>
        <gco:CharacterString>DEAL Guyane</gco:CharacterString>
      </gmd:organisationName>
      <gmd:positionName>
        <gco:CharacterString>Service planification connaissance et évaluation, unité information géographique, diffusion de la connaissance</gco:CharacterString>
      </gmd:positionName>
      <gmd:contactInfo>
        <gmd:CI_Contact>
          <gmd:phone>
            <gmd:CI_Telephone>
              <gmd:voice>
                <gco:CharacterString>05.94.29.80.25</gco:CharacterString>
              </gmd:voice>
              <gmd:facsimile gco:nilReason="missing">
                <gco:CharacterString />
              </gmd:facsimile>
            </gmd:CI_Telephone>
          </gmd:phone>
          <gmd:address>
            <gmd:CI_Address>
              <gmd:deliveryPoint>
                <gco:CharacterString>6 rue Carlos Fineley, Point Buzaré, CS 76003</gco:CharacterString>
              </gmd:deliveryPoint>
              <gmd:city>
                <gco:CharacterString>CAYENNE</gco:CharacterString>
              </gmd:city>
              <gmd:administrativeArea gco:nilReason="missing">
                <gco:CharacterString />
              </gmd:administrativeArea>
              <gmd:postalCode>
                <gco:CharacterString>97306</gco:CharacterString>
              </gmd:postalCode>
              <gmd:country>
                <gco:CharacterString>Guyane française</gco:CharacterString>
              </gmd:country>
              <gmd:electronicMailAddress>
                <gco:CharacterString>infogeo-deal.guyane@developpement-durable.gouv.fr</gco:CharacterString>
              </gmd:electronicMailAddress>
            </gmd:CI_Address>
          </gmd:address>
        </gmd:CI_Contact>
      </gmd:contactInfo>
      <gmd:role>
        <gmd:CI_RoleCode codeList="http://standards.iso.org/ittf/PubliclyAvailableStandards/ISO_19139_Schemas/resources/codelist/ML_gmxCodelists.xml#CI_RoleCode" codeListValue="pointOfContact" />
      </gmd:role>
    </gmd:CI_ResponsibleParty>
  </gmd:contact>
  <gmd:dateStamp>
    <gco:DateTime>2015-12-31T10:35:42</gco:DateTime>
  </gmd:dateStamp>
  <gmd:metadataStandardName>
    <gco:CharacterString>ISO 19115:2003/19139</gco:CharacterString>
  </gmd:metadataStandardName>
  <gmd:metadataStandardVersion>
    <gco:CharacterString>1.0</gco:CharacterString>
  </gmd:metadataStandardVersion>
  <gmd:referenceSystemInfo>
    <gmd:MD_ReferenceSystem>
      <gmd:referenceSystemIdentifier>
        <gmd:RS_Identifier>
          <gmd:code>
            <gco:CharacterString>RGFG95 / UTM zone 22N (EPSG:2972)</gco:CharacterString>
          </gmd:code>
          <gmd:codeSpace>
            <gco:CharacterString>EPSG</gco:CharacterString>
          </gmd:codeSpace>
          <gmd:version>
            <gco:CharacterString>7.9</gco:CharacterString>
          </gmd:version>
        </gmd:RS_Identifier>
      </gmd:referenceSystemIdentifier>
    </gmd:MD_ReferenceSystem>
  </gmd:referenceSystemInfo>
  <gmd:identificationInfo>
    <gmd:MD_DataIdentification>
      <gmd:citation>
        <gmd:CI_Citation>
          <gmd:title>
            <gco:CharacterString>Directive inondation, Zone d’iso classe de hauteur du TRI de l'île de Cayenne, 2015</gco:CharacterString>
          </gmd:title>
          <gmd:date>
            <gmd:CI_Date>
              <gmd:date>
                <gco:DateTime>2015-01-25T00:00:00</gco:DateTime>
              </gmd:date>
              <gmd:dateType>
                <gmd:CI_DateTypeCode codeList="http://standards.iso.org/ittf/PubliclyAvailableStandards/ISO_19139_Schemas/resources/codelist/ML_gmxCodelists.xml#CI_DateTypeCode" codeListValue="publication" />
              </gmd:dateType>
            </gmd:CI_Date>
          </gmd:date>
          <gmd:date>
            <gmd:CI_Date>
              <gmd:date>
                <gco:DateTime>2015-12-28T19:56:25</gco:DateTime>
              </gmd:date>
              <gmd:dateType>
                <gmd:CI_DateTypeCode codeList="http://standards.iso.org/ittf/PubliclyAvailableStandards/ISO_19139_Schemas/resources/codelist/ML_gmxCodelists.xml#CI_DateTypeCode" codeListValue="revision" />
              </gmd:dateType>
            </gmd:CI_Date>
          </gmd:date>
          <gmd:date xmlns:gn="http://www.fao.org/geonetwork" xmlns:srv="http://www.isotc211.org/2005/srv">
            <gmd:CI_Date>
              <gmd:date>
                <gco:DateTime>2015-10-13T00:00:00</gco:DateTime>
              </gmd:date>
              <gmd:dateType>
                <gmd:CI_DateTypeCode codeList="http://standards.iso.org/ittf/PubliclyAvailableStandards/ISO_19139_Schemas/resources/codelist/ML_gmxCodelists.xml#CI_DateTypeCode" codeListValue="creation" />
              </gmd:dateType>
            </gmd:CI_Date>
          </gmd:date>
          <gmd:identifier>
            <gmd:MD_Identifier>
              <gmd:code>
                <gco:CharacterString>http://www.geoguyane.fr/geonetwork/srv/6b5449c4-d6aa-42ea-8834-86b1d7bf50a5</gco:CharacterString>
              </gmd:code>
            </gmd:MD_Identifier>
          </gmd:identifier>
        </gmd:CI_Citation>
      </gmd:citation>
      <gmd:abstract>
        <gco:CharacterString>*** DONNEE PROVISOIRE, PB QUALITE TOPOLOGIQUE ***

Zone pour laquelle un aléa d’un certain type selon un certain scénario provoque une montée d’eau dont la hauteur se situe dans une plage de valeurs fixe. Une zone d’iso classe de hauteur est une zone pour laquelle l’ensemble des hauteurs d’eau se situent dans une même plage de hauteur. Une zone d’iso classe de hauteur est caractérisée par son extension spatiale et les bornes minimale et maximale de la plage de hauteur.

Séries de données géographiques produites par le SIG Directive inondation du territoire à risque important d’inondation (TRI) de l'île de Cayenne et cartographiées aux fins de rapportage pour la directive européenne sur les inondations.
La Directive européenne 2007/60/CE du 23 octobre 2007 relative à l'évaluation et à la gestion des risques d'inondation (JOUE L 288, 06-11-2007, p.27) influence la stratégie de prévention des inondations en Europe. Elle impose la production de plan de gestion des risques d’inondations qui vise à réduire les conséquences négatives des inondations sur la santé humaine, l’environnement, le patrimoine culturel et l’activité économique.
Les objectifs et exigences de réalisation sont donnés par la loi du 12 juillet 2010 portant engagement national pour l’environnement (LENE) et le décret du 2 mars 2011. Dans ce cadre, l'objectif premier de la cartographie des surfaces inondables et des risques d'inondation pour les TRI est de contribuer, en homogénéisant et en objectivant la connaissance de l'exposition des enjeux aux inondations, à l’élaboration des plans de gestion des risques d’inondation (PGRI).</gco:CharacterString>
      </gmd:abstract>
      <gmd:pointOfContact xmlns:gmi="http://www.isotc211.org/2005/gmi" xmlns:srv="http://www.isotc211.org/2005/srv" xmlns:gfc="http://www.isotc211.org/2005/gfc" xmlns:gss="http://www.isotc211.org/2005/gss" xmlns:gsr="http://www.isotc211.org/2005/gsr">
        <gmd:CI_ResponsibleParty>
          <gmd:individualName>
            <gco:CharacterString>Chef de l'unité énergie et risques naturels</gco:CharacterString>
          </gmd:individualName>
          <gmd:organisationName>
            <gco:CharacterString>CEREMA / Direction Territoriale Méditerranée</gco:CharacterString>
          </gmd:organisationName>
          <gmd:positionName>
            <gco:CharacterString>Service risques, énergie, mines et déchets - Unité énergie et risques naturels</gco:CharacterString>
          </gmd:positionName>
          <gmd:contactInfo>
            <gmd:CI_Contact>
              <gmd:phone>
                <gmd:CI_Telephone>
                  <gmd:voice gco:nilReason="missing">
                    <gco:CharacterString />
                  </gmd:voice>
                  <gmd:facsimile gco:nilReason="missing">
                    <gco:CharacterString />
                  </gmd:facsimile>
                </gmd:CI_Telephone>
              </gmd:phone>
              <gmd:address>
                <gmd:CI_Address>
                  <gmd:deliveryPoint gco:nilReason="missing">
                    <gco:CharacterString />
                  </gmd:deliveryPoint>
                  <gmd:city gco:nilReason="missing">
                    <gco:CharacterString />
                  </gmd:city>
                  <gmd:administrativeArea gco:nilReason="missing">
                    <gco:CharacterString />
                  </gmd:administrativeArea>
                  <gmd:postalCode gco:nilReason="missing">
                    <gco:CharacterString />
                  </gmd:postalCode>
                  <gmd:country gco:nilReason="missing">
                    <gco:CharacterString />
                  </gmd:country>
                  <gmd:electronicMailAddress>
                    <gco:CharacterString>DTerMed@cerema.fr</gco:CharacterString>
                  </gmd:electronicMailAddress>
                </gmd:CI_Address>
              </gmd:address>
            </gmd:CI_Contact>
          </gmd:contactInfo>
          <gmd:role>
            <gmd:CI_RoleCode codeList="http://standards.iso.org/ittf/PubliclyAvailableStandards/ISO_19139_Schemas/resources/codelist/ML_gmxCodelists.xml#CI_RoleCode" codeListValue="author" />
          </gmd:role>
        </gmd:CI_ResponsibleParty>
      </gmd:pointOfContact>
      <gmd:pointOfContact>
        <gmd:CI_ResponsibleParty>
          <gmd:individualName>
            <gco:CharacterString>Chef de l'unité énergie et risques naturels</gco:CharacterString>
          </gmd:individualName>
          <gmd:organisationName>
            <gco:CharacterString>DEAL Guyane</gco:CharacterString>
          </gmd:organisationName>
          <gmd:positionName>
            <gco:CharacterString>Service risques, énergie, mines et déchets - Unité énergie et risques naturels</gco:CharacterString>
          </gmd:positionName>
          <gmd:contactInfo>
            <gmd:CI_Contact>
              <gmd:phone>
                <gmd:CI_Telephone>
                  <gmd:voice gco:nilReason="missing">
                    <gco:CharacterString />
                  </gmd:voice>
                  <gmd:facsimile gco:nilReason="missing">
                    <gco:CharacterString />
                  </gmd:facsimile>
                </gmd:CI_Telephone>
              </gmd:phone>
              <gmd:address>
                <gmd:CI_Address>
                  <gmd:deliveryPoint>
                    <gco:CharacterString>6 rue Carlos Fineley, pointe Buzaré, CS 76003</gco:CharacterString>
                  </gmd:deliveryPoint>
                  <gmd:city>
                    <gco:CharacterString>CAYENNE</gco:CharacterString>
                  </gmd:city>
                  <gmd:administrativeArea gco:nilReason="missing">
                    <gco:CharacterString />
                  </gmd:administrativeArea>
                  <gmd:postalCode>
                    <gco:CharacterString>97306</gco:CharacterString>
                  </gmd:postalCode>
                  <gmd:country>
                    <gco:CharacterString>Guyane française</gco:CharacterString>
                  </gmd:country>
                  <gmd:electronicMailAddress>
                    <gco:CharacterString>remd.deal-guyane@developpement-durable.gouv.fr</gco:CharacterString>
                  </gmd:electronicMailAddress>
                </gmd:CI_Address>
              </gmd:address>
            </gmd:CI_Contact>
          </gmd:contactInfo>
          <gmd:role>
            <gmd:CI_RoleCode codeList="http://standards.iso.org/ittf/PubliclyAvailableStandards/ISO_19139_Schemas/resources/codelist/ML_gmxCodelists.xml#CI_RoleCode" codeListValue="pointOfContact" />
          </gmd:role>
        </gmd:CI_ResponsibleParty>
      </gmd:pointOfContact>
      <gmd:descriptiveKeywords>
        <gmd:MD_Keywords xmlns:srv="http://www.isotc211.org/2005/srv">
          <gmd:keyword>
            <gco:CharacterString>GUYANE</gco:CharacterString>
          </gmd:keyword>
          <gmd:type>
            <gmd:MD_KeywordTypeCode codeList="http://standards.iso.org/ittf/PubliclyAvailableStandards/ISO_19139_Schemas/resources/codelist/ML_gmxCodelists.xml#MD_KeywordTypeCode" codeListValue="place" />
          </gmd:type>
          <gmd:thesaurusName>
            <gmd:CI_Citation>
              <gmd:title>
                <gco:CharacterString>Régions de France</gco:CharacterString>
              </gmd:title>
              <gmd:date>
                <gmd:CI_Date>
                  <gmd:date>
                    <gco:Date>2006-09-22</gco:Date>
                  </gmd:date>
                  <gmd:dateType>
                    <gmd:CI_DateTypeCode codeList="http://standards.iso.org/ittf/PubliclyAvailableStandards/ISO_19139_Schemas/resources/codelist/ML_gmxCodelists.xml#CI_DateTypeCode" codeListValue="publication" />
                  </gmd:dateType>
                </gmd:CI_Date>
              </gmd:date>
              <gmd:identifier>
                <gmd:MD_Identifier>
                  <gmd:code>
                    <gmx:Anchor xlink:href="http://www.geoguyane.fr/geonetwork/srv/fre/thesaurus.download?ref=external.place.RegionFR">geonetwork.thesaurus.external.place.RegionFR</gmx:Anchor>
                  </gmd:code>
                </gmd:MD_Identifier>
              </gmd:identifier>
            </gmd:CI_Citation>
          </gmd:thesaurusName>
        </gmd:MD_Keywords>
      </gmd:descriptiveKeywords>
      <gmd:descriptiveKeywords>
        <gmd:MD_Keywords xmlns:srv="http://www.isotc211.org/2005/srv">
          <gmd:keyword>
            <gco:CharacterString>Zones de gestion, de restriction ou de réglementation et unités de déclaration</gco:CharacterString>
          </gmd:keyword>
          <gmd:keyword>
            <gco:CharacterString>Zones à risque naturel</gco:CharacterString>
          </gmd:keyword>
          <gmd:type>
            <gmd:MD_KeywordTypeCode codeList="http://standards.iso.org/ittf/PubliclyAvailableStandards/ISO_19139_Schemas/resources/codelist/ML_gmxCodelists.xml#MD_KeywordTypeCode" codeListValue="theme" />
          </gmd:type>
          <gmd:thesaurusName>
            <gmd:CI_Citation>
              <gmd:title>
                <gco:CharacterString>INSPIRE inspires</gco:CharacterString>
              </gmd:title>
              <gmd:date>
                <gmd:CI_Date>
                  <gmd:date>
                    <gco:DateTime>2015-04-27T22:24:50</gco:DateTime>
                  </gmd:date>
                  <gmd:dateType>
                    <gmd:CI_DateTypeCode codeList="http://standards.iso.org/ittf/PubliclyAvailableStandards/ISO_19139_Schemas/resources/codelist/ML_gmxCodelists.xml#CI_DateTypeCode" codeListValue="publication" />
                  </gmd:dateType>
                </gmd:CI_Date>
              </gmd:date>
              <gmd:identifier>
                <gmd:MD_Identifier>
                  <gmd:code>
                    <gco:CharacterString>geonetwork.thesaurus.external.theme.inspire</gco:CharacterString>
                  </gmd:code>
                </gmd:MD_Identifier>
              </gmd:identifier>
            </gmd:CI_Citation>
          </gmd:thesaurusName>
        </gmd:MD_Keywords>
      </gmd:descriptiveKeywords>
      <gmd:descriptiveKeywords xmlns:gn="http://www.fao.org/geonetwork" xmlns:srv="http://www.isotc211.org/2005/srv">
        <gmd:MD_Keywords>
          <gmd:keyword>
            <gco:CharacterString>Zones à risque naturel</gco:CharacterString>
          </gmd:keyword>
          <gmd:type>
            <gmd:MD_KeywordTypeCode codeList="http://standards.iso.org/ittf/PubliclyAvailableStandards/ISO_19139_Schemas/resources/codelist/ML_gmxCodelists.xml#MD_KeywordTypeCode" codeListValue="theme" />
          </gmd:type>
          <gmd:thesaurusName>
            <gmd:CI_Citation>
              <gmd:title>
                <gco:CharacterString>GEMET - INSPIRE themes, version 1.0</gco:CharacterString>
              </gmd:title>
              <gmd:date>
                <gmd:CI_Date>
                  <gmd:date>
                    <gco:Date>2008-06-01</gco:Date>
                  </gmd:date>
                  <gmd:dateType>
                    <gmd:CI_DateTypeCode codeList="http://standards.iso.org/ittf/PubliclyAvailableStandards/ISO_19139_Schemas/resources/codelist/ML_gmxCodelists.xml#CI_DateTypeCode" codeListValue="publication" />
                  </gmd:dateType>
                </gmd:CI_Date>
              </gmd:date>
              <gmd:identifier>
                <gmd:MD_Identifier>
                  <gmd:code>
                    <gmx:Anchor xlink:href="http://www.geoguyane.fr/geonetwork/srv/fre/thesaurus.download?ref=external.theme.inspire-theme">geonetwork.thesaurus.external.theme.inspire-theme</gmx:Anchor>
                  </gmd:code>
                </gmd:MD_Identifier>
              </gmd:identifier>
            </gmd:CI_Citation>
          </gmd:thesaurusName>
        </gmd:MD_Keywords>
      </gmd:descriptiveKeywords>
      <gmd:descriptiveKeywords>
        <gmd:MD_Keywords xmlns:srv="http://www.isotc211.org/2005/srv">
          <gmd:keyword>
            <gco:CharacterString>données ouvertes</gco:CharacterString>
          </gmd:keyword>
          <gmd:type>
            <gmd:MD_KeywordTypeCode codeList="http://standards.iso.org/ittf/PubliclyAvailableStandards/ISO_19139_Schemas/resources/codelist/ML_gmxCodelists.xml#MD_KeywordTypeCode" codeListValue="theme" />
          </gmd:type>
          <gmd:thesaurusName>
            <gmd:CI_Citation>
              <gmd:title>
                <gco:CharacterString>OPENDATA</gco:CharacterString>
              </gmd:title>
              <gmd:date>
                <gmd:CI_Date>
                  <gmd:date>
                    <gco:DateTime>2015-12-03T14:30:33</gco:DateTime>
                  </gmd:date>
                  <gmd:dateType>
                    <gmd:CI_DateTypeCode codeList="http://standards.iso.org/ittf/PubliclyAvailableStandards/ISO_19139_Schemas/resources/codelist/ML_gmxCodelists.xml#CI_DateTypeCode" codeListValue="publication" />
                  </gmd:dateType>
                </gmd:CI_Date>
              </gmd:date>
              <gmd:identifier>
                <gmd:MD_Identifier>
                  <gmd:code>
                    <gmx:Anchor xlink:href="http://www.geoguyane.fr/geonetwork/srv/fre/thesaurus.download?ref=local.theme.OPENDATA">geonetwork.thesaurus.local.theme.OPENDATA</gmx:Anchor>
                  </gmd:code>
                </gmd:MD_Identifier>
              </gmd:identifier>
            </gmd:CI_Citation>
          </gmd:thesaurusName>
        </gmd:MD_Keywords>
      </gmd:descriptiveKeywords>
      <gmd:descriptiveKeywords>
        <gmd:MD_Keywords>
          <gmd:keyword>
            <gco:CharacterString>RISQUES</gco:CharacterString>
          </gmd:keyword>
          <gmd:keyword>
            <gco:CharacterString>ZONAGES_RISQUE_NATUREL</gco:CharacterString>
          </gmd:keyword>
          <gmd:type>
            <gmd:MD_KeywordTypeCode codeList="http://standards.iso.org/ittf/PubliclyAvailableStandards/ISO_19139_Schemas/resources/codelist/ML_gmxCodelists.xml#MD_KeywordTypeCode" codeListValue="theme" />
          </gmd:type>
        </gmd:MD_Keywords>
      </gmd:descriptiveKeywords>
      <gmd:descriptiveKeywords>
        <gmd:MD_Keywords>
          <gmd:keyword>
            <gco:CharacterString>GUYANE</gco:CharacterString>
          </gmd:keyword>
          <gmd:keyword>
            <gco:CharacterString>DEAL</gco:CharacterString>
          </gmd:keyword>
          <gmd:type>
            <gmd:MD_KeywordTypeCode codeList="http://standards.iso.org/ittf/PubliclyAvailableStandards/ISO_19139_Schemas/resources/codelist/ML_gmxCodelists.xml#MD_KeywordTypeCode" codeListValue="theme" />
          </gmd:type>
        </gmd:MD_Keywords>
      </gmd:descriptiveKeywords>
      <gmd:descriptiveKeywords>
        <gmd:MD_Keywords>
          <gmd:keyword>
            <gco:CharacterString>NIVEAU_DE_DIFFUSION</gco:CharacterString>
          </gmd:keyword>
          <gmd:keyword>
            <gco:CharacterString>GRAND_PUBLIC</gco:CharacterString>
          </gmd:keyword>
          <gmd:type>
            <gmd:MD_KeywordTypeCode codeList="http://standards.iso.org/ittf/PubliclyAvailableStandards/ISO_19139_Schemas/resources/codelist/ML_gmxCodelists.xml#MD_KeywordTypeCode" codeListValue="theme" />
          </gmd:type>
        </gmd:MD_Keywords>
      </gmd:descriptiveKeywords>
      <gmd:resourceConstraints>
        <gmd:MD_LegalConstraints>
          <gmd:useLimitation>
            <gco:CharacterString>Utilisation libre sous réserve de mentionner la source (DEAL Guyane) et la date de sa dernière mise à jour (2015)</gco:CharacterString>
          </gmd:useLimitation>
          <gmd:accessConstraints>
            <gmd:MD_RestrictionCode codeList="http://standards.iso.org/ittf/PubliclyAvailableStandards/ISO_19139_Schemas/resources/codelist/ML_gmxCodelists.xml#MD_RestrictionCode" codeListValue="otherRestrictions" />
          </gmd:accessConstraints>
          <gmd:useConstraints>
            <gmd:MD_RestrictionCode codeList="http://standards.iso.org/ittf/PubliclyAvailableStandards/ISO_19139_Schemas/resources/codelist/ML_gmxCodelists.xml#MD_RestrictionCode" codeListValue="copyright" />
          </gmd:useConstraints>
          <gmd:otherConstraints>
            <gco:CharacterString>Licence Ouverte 1.0 http://www.data.gouv.fr/Licence-Ouverte-Open-Licence</gco:CharacterString>
          </gmd:otherConstraints>
        </gmd:MD_LegalConstraints>
      </gmd:resourceConstraints>
      <gmd:resourceConstraints>
        <gmd:MD_SecurityConstraints>
          <gmd:classification>
            <gmd:MD_ClassificationCode codeList="http://standards.iso.org/ittf/PubliclyAvailableStandards/ISO_19139_Schemas/resources/codelist/ML_gmxCodelists.xml#MD_ClassificationCode" codeListValue="unclassified" />
          </gmd:classification>
        </gmd:MD_SecurityConstraints>
      </gmd:resourceConstraints>
      <gmd:spatialRepresentationType>
        <gmd:MD_SpatialRepresentationTypeCode codeList="http://standards.iso.org/ittf/PubliclyAvailableStandards/ISO_19139_Schemas/resources/codelist/ML_gmxCodelists.xml#MD_SpatialRepresentationTypeCode" codeListValue="vector" />
      </gmd:spatialRepresentationType>
      <gmd:spatialResolution>
        <gmd:MD_Resolution>
          <gmd:equivalentScale>
            <gmd:MD_RepresentativeFraction>
              <gmd:denominator>
                <gco:Integer>25000</gco:Integer>
              </gmd:denominator>
            </gmd:MD_RepresentativeFraction>
          </gmd:equivalentScale>
        </gmd:MD_Resolution>
      </gmd:spatialResolution>
      <gmd:spatialResolution>
        <gmd:MD_Resolution>
          <gmd:distance>
            <gco:Distance uom="m">1</gco:Distance>
          </gmd:distance>
        </gmd:MD_Resolution>
      </gmd:spatialResolution>
      <gmd:language>
        <gco:CharacterString>fre</gco:CharacterString>
      </gmd:language>
      <gmd:characterSet>
        <gmd:MD_CharacterSetCode codeList="http://standards.iso.org/ittf/PubliclyAvailableStandards/ISO_19139_Schemas/resources/codelist/ML_gmxCodelists.xml#MD_CharacterSetCode" codeListValue="utf8" />
      </gmd:characterSet>
      <gmd:topicCategory>
        <gmd:MD_TopicCategoryCode>planningCadastre</gmd:MD_TopicCategoryCode>
      </gmd:topicCategory>
      <gmd:extent>
        <gmd:EX_Extent>
          <gmd:description>
            <gco:CharacterString>Guyane française, île de Cayenne, communes de Cayenne, Matoury et Rémire-Montjoly.</gco:CharacterString>
          </gmd:description>
          <gmd:geographicElement>
            <gmd:EX_GeographicBoundingBox>
              <gmd:westBoundLongitude>
                <gco:Decimal>-52.421323276900104</gco:Decimal>
              </gmd:westBoundLongitude>
              <gmd:eastBoundLongitude>
                <gco:Decimal>-52.23043582572823</gco:Decimal>
              </gmd:eastBoundLongitude>
              <gmd:southBoundLatitude>
                <gco:Decimal>4.728703876503744</gco:Decimal>
              </gmd:southBoundLatitude>
              <gmd:northBoundLatitude>
                <gco:Decimal>4.981850857416163</gco:Decimal>
              </gmd:northBoundLatitude>
            </gmd:EX_GeographicBoundingBox>
          </gmd:geographicElement>
          <gmd:temporalElement xmlns:gn="http://www.fao.org/geonetwork" xmlns:srv="http://www.isotc211.org/2005/srv">
            <gmd:EX_TemporalExtent>
              <gmd:extent>
                <gml:TimePeriod gml:id="d1909595e544a1053982">
                  <gml:beginPosition>2015-10-13T00:00:00</gml:beginPosition>
                  <gml:endPosition indeterminatePosition="after">2021-10-13T00:00:00</gml:endPosition>
                </gml:TimePeriod>
              </gmd:extent>
            </gmd:EX_TemporalExtent>
          </gmd:temporalElement>
        </gmd:EX_Extent>
      </gmd:extent>
      <gmd:supplementalInformation gco:nilReason="missing">
        <gco:CharacterString />
      </gmd:supplementalInformation>
    </gmd:MD_DataIdentification>
  </gmd:identificationInfo>
  <gmd:contentInfo xmlns:srv="http://www.isotc211.org/2005/srv" xmlns:date="http://exslt.org/dates-and-times">
    <gmd:MD_FeatureCatalogueDescription>
      <gmd:includedWithDataset />
      <gmd:featureCatalogueCitation uuidref="a6b52e2e-ec02-445a-a24a-aaaf7d1a2ad2" xlink:href="http://catalogue.geoguyane.fr/geonetwork/srv/fre/csw?service=CSW&amp;request=GetRecordById&amp;version=2.0.2&amp;outputSchema=http://www.isotc211.org/2005/gmd&amp;elementSetName=full&amp;id=a6b52e2e-ec02-445a-a24a-aaaf7d1a2ad2" />
    </gmd:MD_FeatureCatalogueDescription>
  </gmd:contentInfo>
  <gmd:distributionInfo xmlns:srv="http://www.isotc211.org/2005/srv" xmlns:date="http://exslt.org/dates-and-times">
    <gmd:MD_Distribution>
      <gmd:distributionFormat>
        <gmd:MD_Format>
          <gmd:name>
            <gco:CharacterString>ZIP</gco:CharacterString>
          </gmd:name>
          <gmd:version>
            <gco:CharacterString>1.0</gco:CharacterString>
          </gmd:version>
        </gmd:MD_Format>
      </gmd:distributionFormat>
      <gmd:transferOptions>
        <gmd:MD_DigitalTransferOptions>
          <gmd:onLine>
            <gmd:CI_OnlineResource>
              <gmd:linkage>
                <gmd:URL>fr-130014335-n_tri_caye_iso_ht_s_973</gmd:URL>
              </gmd:linkage>
              <gmd:protocol>
                <gco:CharacterString>WWW:LINK-1.0-http--link</gco:CharacterString>
              </gmd:protocol>
              <gmd:name>
                <gco:CharacterString>Site internet de la DEAL : Mise en oeuvre de la directive inondation</gco:CharacterString>
              </gmd:name>
              <gmd:description gco:nilReason="missing">
                <gco:CharacterString />
              </gmd:description>
            </gmd:CI_OnlineResource>
          </gmd:onLine>
          <gmd:onLine>
            <gmd:CI_OnlineResource>
              <gmd:linkage>
                <gmd:URL>http://carto.geoguyane.fr/cgi-bin/mapserv?</gmd:URL>
              </gmd:linkage>
              <gmd:protocol>
                <gco:CharacterString>OGC:WMS-1.1.1-http-get-map</gco:CharacterString>
              </gmd:protocol>
              <gmd:name>
                <gco:CharacterString>n_tri_caye_iso_ht_s_973</gco:CharacterString>
              </gmd:name>
            </gmd:CI_OnlineResource>
          </gmd:onLine>
          <gmd:onLine>
            <gmd:CI_OnlineResource>
              <gmd:linkage>
                <gmd:URL>http://carto.geoguyane.fr/cgi-bin/mapservwfs?</gmd:URL>
              </gmd:linkage>
              <gmd:protocol>
                <gco:CharacterString>OGC:WFS-1.0.0-http-get-capabilities</gco:CharacterString>
              </gmd:protocol>
              <gmd:name>
                <gco:CharacterString>n_tri_caye_iso_ht_s_973</gco:CharacterString>
              </gmd:name>
            </gmd:CI_OnlineResource>
          </gmd:onLine>
        </gmd:MD_DigitalTransferOptions>
      </gmd:transferOptions>
      <gmd:transferOptions>
        <gmd:MD_DigitalTransferOptions />
      </gmd:transferOptions>
      <gmd:transferOptions>
        <gmd:MD_DigitalTransferOptions />
      </gmd:transferOptions>
      <gmd:transferOptions>
        <gmd:MD_DigitalTransferOptions />
      </gmd:transferOptions>
      <gmd:transferOptions>
        <gmd:MD_DigitalTransferOptions />
      </gmd:transferOptions>
      <gmd:transferOptions>
        <gmd:MD_DigitalTransferOptions />
      </gmd:transferOptions>
      <gmd:transferOptions>
        <gmd:MD_DigitalTransferOptions />
      </gmd:transferOptions>
      <gmd:transferOptions>
        <gmd:MD_DigitalTransferOptions />
      </gmd:transferOptions>
      <gmd:transferOptions>
        <gmd:MD_DigitalTransferOptions />
      </gmd:transferOptions>
      <gmd:transferOptions>
        <gmd:MD_DigitalTransferOptions />
      </gmd:transferOptions>
      <gmd:transferOptions>
        <gmd:MD_DigitalTransferOptions />
      </gmd:transferOptions>
      <gmd:transferOptions>
        <gmd:MD_DigitalTransferOptions />
      </gmd:transferOptions>
      <gmd:transferOptions>
        <gmd:MD_DigitalTransferOptions />
      </gmd:transferOptions>
      <gmd:transferOptions>
        <gmd:MD_DigitalTransferOptions>
          <gmd:onLine>
            <gmd:CI_OnlineResource>
              <gmd:linkage>
                <gmd:URL>http://www.geoguyane.fr/PRRA/panierDownloadFrontal_parametrage.php?LAYERIDTS=645951</gmd:URL>
              </gmd:linkage>
              <gmd:protocol>
                <gco:CharacterString>WWW:DOWNLOAD-1.0-http--download</gco:CharacterString>
              </gmd:protocol>
            </gmd:CI_OnlineResource>
          </gmd:onLine>
        </gmd:MD_DigitalTransferOptions>
      </gmd:transferOptions>
      <gmd:transferOptions>
        <gmd:MD_DigitalTransferOptions>
          <gmd:onLine>
            <gmd:CI_OnlineResource>
              <gmd:linkage>
                <gmd:URL>http://www.geoguyane.fr/PRRA/atomfeed/atomdataset.php?uuid=6b5449c4-d6aa-42ea-8834-86b1d7bf50a5</gmd:URL>
              </gmd:linkage>
              <gmd:protocol>
                <gco:CharacterString>WWW:LINK-1.0-http--link</gco:CharacterString>
              </gmd:protocol>
              <gmd:name>
                <gco:CharacterString>Téléchargement direct des données</gco:CharacterString>
              </gmd:name>
            </gmd:CI_OnlineResource>
          </gmd:onLine>
        </gmd:MD_DigitalTransferOptions>
      </gmd:transferOptions>
    </gmd:MD_Distribution>
  </gmd:distributionInfo>
  <gmd:dataQualityInfo>
    <gmd:DQ_DataQuality>
      <gmd:scope>
        <gmd:DQ_Scope>
          <gmd:level>
            <gmd:MD_ScopeCode codeList="http://standards.iso.org/ittf/PubliclyAvailableStandards/ISO_19139_Schemas/resources/codelist/ML_gmxCodelists.xml#MD_ScopeCode" codeListValue="dataset" />
          </gmd:level>
          <gmd:levelDescription />
        </gmd:DQ_Scope>
      </gmd:scope>
      <gmd:lineage>
        <gmd:LI_Lineage>
          <gmd:statement>
            <gco:CharacterString>Les données du TRI de l'île de Cayenne ont été élaborées par le CEREMA DTer Méditérannée en 2014 et ont été standardisées par la DEAL Guyane (unités ERN et IGDC) en 2015.
Les données sont conformes au standard COVADIS directivie inondation, version 1.0 du 26 septembre 2012, corrigé le 21 juin 2013.

Les zones d’iso classe de hauteur forment une partition de la surface inondable : tout point de la surface inondable est recouvert par une et une seule zone d’iso classe de hauteur.

Si une surface inondable résulte de l’agrégation de plusieurs zones d’iso classe de hauteur, alors les classes de hauteurs doivent couvrir l’ensemble des hauteurs possibles, c’est-à-dire :
• La hauteur minimale d’une zone d’iso classe de hauteur doit correspondre à la hauteur maximale d’une autre zone d’iso classe de hauteur vérifiant la relation avec une même surface inondable (si la hauteur minimale est différente de 0)
• Si la hauteur maximale est remplie, alors elle doit correspondre à la hauteur minimale d’un autre objet vérifiant la même relation
• Toutes les hauteurs minimales sont uniques
• Toutes les hauteurs maximales sont uniques
• Une seule zone d’iso classe de hauteur peut ne pas avoir de valeur maximale

Des informations de généalogie détaillées sont fournies dans le rapport accompagnant les cartes et le SIG Directive inondation. Ces informations expliquent les choix faits sur les données et les méthodes de production.</gco:CharacterString>
          </gmd:statement>
          <gmd:source>
            <gmd:LI_Source>
              <gmd:description>
                <gco:CharacterString>Faute de données altimètriques satisfaisantes la série de données du TRI de l'île de Cayenne a été élaborées à partir des données des PPR inondations et submertion marine de l'île de Cayenne et de la BD alti de l'IGN.</gco:CharacterString>
              </gmd:description>
            </gmd:LI_Source>
          </gmd:source>
        </gmd:LI_Lineage>
      </gmd:lineage>
    </gmd:DQ_DataQuality>
  </gmd:dataQualityInfo>
</gmd:MD_Metadata>